Workbook

Sheet README
A1: 02 · Monthly Raters (×12)
A2: Source: canonical_dataset.json (ADR 0043), sha256 0a3d67e8774e8cd1… — verified against canonical_manifest.json. All figures derive read-only from that frozen artifact; no new numbers generated. Styling follows the MGA Program Master conventions (Arial; navy title banners; blue section headers; semantic tab colours; 1-dp percentages).
A8: Tabs | C8: Rate Trend + 12 monthly rater tabs
A9: Rate formula | C9: Premium = ROUND(AV/100 × BaseRate × Territory × Softening ÷ Gross-Up, 2)
A10: Trend (artifact) | C10: M1 $11,297.93 → M12 $7,907.58 (-30.0%)
A11: Δ column | C11: Artifact premium − calc; within $0.01 (generator intermediate rounding).

Sheet Rate Trend
A1: Declining Rate Trend (12 months)
A2: Avg BOUND premium and softening index per month — pulled live from each month tab. The downward trend is the core story.
A4: Month | B4: Month # | C4: Softening Index | D4: Avg Bound Premium | E4: % vs Month 1
A5: 2025-08 | B5: 1 | C5: 1 | D5: ='2025-08'!$C$573 | E5: =D5/$D$5-1
A6: 2025-09 | B6: 2 | C6: 0.9591 | D6: ='2025-09'!$C$536 | E6: =D6/$D$5-1
A7: 2025-10 | B7: 3 | C7: 0.9691 | D7: ='2025-10'!$C$651 | E7: =D7/$D$5-1
A8: 2025-11 | B8: 4 | C8: 0.9194 | D8: ='2025-11'!$C$641 | E8: =D8/$D$5-1
A9: 2025-12 | B9: 5 | C9: 0.9167 | D9: ='2025-12'!$C$691 | E9: =D9/$D$5-1
A10: 2026-01 | B10: 6 | C10: 0.8972 | D10: ='2026-01'!$C$694 | E10: =D10/$D$5-1
A11: 2026-02 | B11: 7 | C11: 0.8792 | D11: ='2026-02'!$C$730 | E11: =D11/$D$5-1
A12: 2026-03 | B12: 8 | C12: 0.8467 | D12: ='2026-03'!$C$811 | E12: =D12/$D$5-1
A13: 2026-04 | B13: 9 | C13: 0.8305 | D13: ='2026-04'!$C$735 | E13: =D13/$D$5-1
A14: 2026-05 | B14: 10 | C14: 0.7772 | D14: ='2026-05'!$C$760 | E14: =D14/$D$5-1
A15: 2026-06 | B15: 11 | C15: 0.7648 | D15: ='2026-06'!$C$916 | E15: =D15/$D$5-1
A16: 2026-07 | B16: 12 | C16: 0.761 | D16: ='2026-07'!$C$784 | E16: =D16/$D$5-1
A18: Month 1 → Month 12 change | E18: =D16/D5-1

Sheet 2025-08
A1: Monthly Rater — 2025-08 (Month 1 of 12)
A2: Softening index 1.0000. Rated Premium = ROUND(AgreedValue/100 × BaseRate × Territory × Softening ÷ Gross-Up, 2); ties to artifact premium within $0.01 (generator rounding).
A4: Submitted Date | B4: Submission ID | C4: State | D4: Vehicle | E4: Rating Class | F4: Agreed Value | G4: Base Rate /100 | H4: Territory Factor | I4: Softening Index | J4: Gross-Up Divisor | K4: Rated Premium (calc) | L4: Premium — Artifact | M4: Δ | N4: Disposition | O4: Premium Kind
A5: 2025-08-06 | B5: 0ea7c067-d4c2-5377-b5ac-ecb565ffd81b | C5: NY | D5: 2017 Lamborghini Huracan EVO | E5: 03 Supercar | F5: 810000 | G5: 0.95 | H5: 1.28 | I5: 1 | J5: 0.53 | K5: =ROUND(F5/100*G5*H5*I5/J5,2) | L5: 18584.15 | M5: =L5-K5 | N5: decline | O5: indicative
A6: 2025-08-16 | B6: 1162aae1-581f-52a4-9f0d-8820df4451f5 | C6: NY | D6: 1989 BMW M8 Competition | E6: 01 Luxury Sedan/SUV | F6: 255000 | G6: 0.75 | H6: 1.28 | I6: 1 | J6: 0.53 | K6: =ROUND(F6/100*G6*H6*I6/J6,2) | L6: 4618.87 | M6: =L6-K6 | N6: decline | O6: indicative
A7: 2025-08-20 | B7: 0dcf39f4-c180-51ad-8832-49d0d58545a4 | C7: KS | D7: 1984 Porsche 911 Turbo S | E7: 01 Luxury Sedan/SUV | F7: 190000 | G7: 0.92 | H7: 0.97 | I7: 1 | J7: 0.53 | K7: =ROUND(F7/100*G7*H7*I7/J7,2) | L7: 3199.17 | M7: =L7-K7 | N7: bind | O7: bound
A8: 2025-08-16 | B8: a5ffe391-ee0a-53c4-bfac-5716daac59a2 | C8: NV | D8: 1957 Ferrari 296 GTB | E8: 03 Supercar | F8: 570000 | G8: 0.95 | H8: 1.17 | I8: 1 | J8: 0.53 | K8: =ROUND(F8/100*G8*H8*I8/J8,2) | L8: 11953.87 | M8: =L8-K8 | N8: bind | O8: bound
A9: 2025-08-29 | B9: e8bb63ec-2a71-536e-afc0-593b77311565 | C9: AR | D9: 1993 Ferrari 296 GTB | E9: 03 Supercar | F9: 350000 | G9: 1.15 | H9: 1.38 | I9: 1 | J9: 0.53 | K9: =ROUND(F9/100*G9*H9*I9/J9,2) | L9: 10480.19 | M9: =L9-K9 | N9: refer | O9: indicative
A10: 2025-08-27 | B10: 919a344c-9f4c-550c-9e45-9d221631aa27 | C10: NY | D10: 1972 Jaguar E-Type Series 1 | E10: 07 Post-War Classic (1946-1972) | F10: 655000 | G10: 0.43 | H10: 1.28 | I10: 1 | J10: 0.53 | K10: =ROUND(F10/100*G10*H10*I10/J10,2) | L10: 6802.11 | M10: =L10-K10 | N10: decline | O10: indicative
A11: 2025-08-28 | B11: c4584877-1549-50d0-80c8-56289bb0af1b | C11: FL | D11: 1994 Maserati GranTurismo | E11: 01 Luxury Sedan/SUV | F11: 715000 | G11: 0.65 | H11: 1.42 | I11: 1 | J11: 0.53 | K11: =ROUND(F11/100*G11*H11*I11/J11,2) | L11: 12451.79 | M11: =L11-K11 | N11: decline | O11: indicative
A12: 2025-08-10 | B12: c1a9b768-ca81-5ff9-92af-d6ea53820cf9 | C12: AL | D12: 1998 Ferrari 296 GTB | E12: 03 Supercar | F12: 750000 | G12: 0.95 | H12: 1.27 | I12: 1 | J12: 0.53 | K12: =ROUND(F12/100*G12*H12*I12/J12,2) | L12: 17073.11 | M12: =L12-K12 | N12: bind | O12: bound
A13: 2025-08-01 | B13: 3cd8e5c7-8c26-52df-a8fa-1e7bdf20f509 | C13: NM | D13: 2020 Ferrari 296 GTB | E13: 03 Supercar | F13: 605000 | G13: 0.95 | H13: 1.28 | I13: 1 | J13: 0.53 | K13: =ROUND(F13/100*G13*H13*I13/J13,2) | L13: 13880.75 | M13: =L13-K13 | N13: bind | O13: bound
A14: 2025-08-14 | B14: 0aabade3-5a1c-5016-8cb5-d1e56f469519 | C14: CA | D14: 1995 McLaren 750S | E14: 03 Supercar | F14: 690000 | G14: 0.95 | H14: 1.35 | I14: 1 | J14: 0.53 | K14: =ROUND(F14/100*G14*H14*I14/J14,2) | L14: 16696.7 | M14: =L14-K14 | N14: decline | O14: indicative
A15: 2025-08-05 | B15: 382fe6a0-dd32-5c97-bba7-c68ebe504a93 | C15: OH | D15: 2004 Ferrari 296 GTB | E15: 03 Supercar | F15: 1950000 | G15: 0.8 | H15: 1.39 | I15: 1 | J15: 0.53 | K15: =ROUND(F15/100*G15*H15*I15/J15,2) | L15: 40913.21 | M15: =L15-K15 | N15: bind | O15: bound
A16: 2025-08-30 | B16: bd2d76c3-a217-5819-8155-02506745e701 | C16: CA | D16: 2022 Maserati GranTurismo | E16: 01 Luxury Sedan/SUV | F16: 1415000 | G16: 0.55 | H16: 1.35 | I16: 1 | J16: 0.53 | K16: =ROUND(F16/100*G16*H16*I16/J16,2) | L16: 19823.35 | M16: =L16-K16 | N16: bind | O16: bound
... A568: 2025-08-17 | B568: e0902dc2-8cc4-5e86-b2cf-8ef7ffb0cd6c | C568: MA | D568: 2003 Aston Martin DB12 | E568: 01 Luxury Sedan/SUV | F568: 585000 | G568: 0.65 | H568: 1.25 | I568: 1 | J568: 0.53 | K568: =ROUND(F568/100*G568*H568*I568/J568,2) | L568: 8968.16 | M568: =L568-K568 | N568: bind | O568: bound
A570: Rated submissions | C570: =COUNTA(B5:B568)
A571: Bound count | C571: =COUNTIF(O5:O568,"bound")
A572: Avg premium — all rated | C572: =AVERAGE(L5:L568)
A573: Avg premium — BOUND only | C573: =AVERAGEIF(O5:O568,"bound",L5:L568)
A574: GWP bound (month) | C574: =SUMIF(O5:O568,"bound",L5:L568)
A575: Softening index (month) | C575: 1

Sheet 2025-09
A1: Monthly Rater — 2025-09 (Month 2 of 12)
A2: Softening index 0.9591. Rated Premium = ROUND(AgreedValue/100 × BaseRate × Territory × Softening ÷ Gross-Up, 2); ties to artifact premium within $0.01 (generator rounding).
A4: Submitted Date | B4: Submission ID | C4: State | D4: Vehicle | E4: Rating Class | F4: Agreed Value | G4: Base Rate /100 | H4: Territory Factor | I4: Softening Index | J4: Gross-Up Divisor | K4: Rated Premium (calc) | L4: Premium — Artifact | M4: Δ | N4: Disposition | O4: Premium Kind
A5: 2025-09-11 | B5: c5a5fd30-085b-5e30-8fc6-8bf0ae18ef75 | C5: ME | D5: 1956 McLaren 750S | E5: 03 Supercar | F5: 875000 | G5: 0.95 | H5: 1.08 | I5: 0.9591 | J5: 0.53 | K5: =ROUND(F5/100*G5*H5*I5/J5,2) | L5: 16245.89 | M5: =L5-K5 | N5: bind | O5: bound
A6: 2025-09-14 | B6: b1fab89c-79da-5138-8db3-c0023aee7e44 | C6: NC | D6: 2023 Bentley Continental GT | E6: 01 Luxury Sedan/SUV | F6: 345000 | G6: 0.75 | H6: 1.15 | I6: 0.9591 | J6: 0.53 | K6: =ROUND(F6/100*G6*H6*I6/J6,2) | L6: 5384.76 | M6: =L6-K6 | N6: bind | O6: bound
A7: 2025-09-15 | B7: 91089be4-a7b3-5991-9685-57b756439c74 | C7: PA | D7: 1959 Ferrari 296 GTB | E7: 03 Supercar | F7: 925000 | G7: 0.95 | H7: 1 | I7: 0.9591 | J7: 0.53 | K7: =ROUND(F7/100*G7*H7*I7/J7,2) | L7: 15902.06 | M7: =L7-K7 | N7: bind | O7: bound
A8: 2025-09-12 | B8: 277f75d6-c91c-52b7-9021-7153db1d977a | C8: IN | D8: 1957 Aston Martin DB12 | E8: 01 Luxury Sedan/SUV | F8: 800000 | G8: 0.65 | H8: 1.23 | I8: 0.9591 | J8: 0.53 | K8: =ROUND(F8/100*G8*H8*I8/J8,2) | L8: 11574.34 | M8: =L8-K8 | N8: bind | O8: bound
A9: 2025-09-09 | B9: 309cfba2-f703-567b-bd6b-cff8ebeda417 | C9: KS | D9: 2020 Aston Martin DB12 | E9: 01 Luxury Sedan/SUV | F9: 1145000 | G9: 0.55 | H9: 0.97 | I9: 0.9591 | J9: 0.53 | K9: =ROUND(F9/100*G9*H9*I9/J9,2) | L9: 11054.21 | M9: =L9-K9 | N9: bind | O9: bound
A10: 2025-09-16 | B10: 44ea9c4e-8013-5a6c-8d65-34139ff29380 | C10: NC | D10: 2011 Aston Martin DB12 | E10: 01 Luxury Sedan/SUV | F10: 270000 | G10: 0.75 | H10: 1.15 | I10: 0.9591 | J10: 0.53 | K10: =ROUND(F10/100*G10*H10*I10/J10,2) | L10: 4214.16 | M10: =L10-K10 | N10: bind | O10: bound
A11: 2025-09-21 | B11: 34075bcc-0edd-542c-9fc8-d499bda112d0 | C11: MI | D11: 1963 Ringbrothers Mustang | E11: 11 Restomod/Coachbuilt | F11: 415000 | G11: 0.88 | H11: 1.55 | I11: 0.9591 | J11: 0.53 | K11: =ROUND(F11/100*G11*H11*I11/J11,2) | L11: 10243.55 | M11: =L11-K11 | N11: bind | O11: bound
A12: 2025-09-08 | B12: 42d45568-b565-5df6-bb38-c731481caecb | C12: DE | D12: 2022 Ferrari SF90 Stradale | E12: 03 Supercar | F12: 1050000 | G12: 0.8 | H12: 1.25 | I12: 0.9591 | J12: 0.53 | K12: =ROUND(F12/100*G12*H12*I12/J12,2) | L12: 19001.04 | M12: =L12-K12 | N12: bind | O12: bound
A13: 2025-09-29 | B13: 2b5dfcb2-1d48-528f-83e7-25c2e5e2fbd5 | C13: IL | D13: 1974 Ferrari 275 GTB/4 | E13: 07 Post-War Classic (1946-1972) | F13: 1145000 | G13: 0.38 | H13: 1.36 | I13: 0.9591 | J13: 0.53 | K13: =ROUND(F13/100*G13*H13*I13/J13,2) | L13: 10708.19 | M13: =L13-K13 | N13: bind | O13: bound
A14: 2025-09-12 | B14: 4136ab19-0a61-5736-a584-30c1dce1fe15 | C14: MD | D14: 1959 BMW M8 Competition | E14: 01 Luxury Sedan/SUV | F14: 310000 | G14: 0.75 | H14: 0.95 | I14: 0.9591 | J14: 0.53 | K14: =ROUND(F14/100*G14*H14*I14/J14,2) | L14: 3997 | M14: =L14-K14 | N14: decline | O14: indicative
A15: 2025-09-17 | B15: a71f5d85-6d7f-55d1-917a-e4cc398f51a8 | C15: ID | D15: 1980 Mercedes-Benz AMG GT | E15: 01 Luxury Sedan/SUV | F15: 1130000 | G15: 0.55 | H15: 0.99 | I15: 0.9591 | J15: 0.53 | K15: =ROUND(F15/100*G15*H15*I15/J15,2) | L15: 11134.34 | M15: =L15-K15 | N15: bind | O15: bound
A16: 2025-09-15 | B16: 9a95ed09-e34d-5f29-9a63-416456ea9e3c | C16: AR | D16: 1992 BMW M8 Competition | E16: 01 Luxury Sedan/SUV | F16: 500000 | G16: 0.65 | H16: 1.38 | I16: 0.9591 | J16: 0.53 | K16: =ROUND(F16/100*G16*H16*I16/J16,2) | L16: 8116.15 | M16: =L16-K16 | N16: bind | O16: bound
... A531: 2025-09-05 | B531: d52d744b-d7e7-5ca8-8c05-166089a2112a | C531: VA | D531: 1972 Maserati GranTurismo | E531: 01 Luxury Sedan/SUV | F531: 480000 | G531: 0.75 | H531: 1.09 | I531: 0.9591 | J531: 0.53 | K531: =ROUND(F531/100*G531*H531*I531/J531,2) | L531: 7100.96 | M531: =L531-K531 | N531: bind | O531: bound
A533: Rated submissions | C533: =COUNTA(B5:B531)
A534: Bound count | C534: =COUNTIF(O5:O531,"bound")
A535: Avg premium — all rated | C535: =AVERAGE(L5:L531)
A536: Avg premium — BOUND only | C536: =AVERAGEIF(O5:O531,"bound",L5:L531)
A537: GWP bound (month) | C537: =SUMIF(O5:O531,"bound",L5:L531)
A538: Softening index (month) | C538: 0.9591

Sheet 2025-10
A1: Monthly Rater — 2025-10 (Month 3 of 12)
A2: Softening index 0.9691. Rated Premium = ROUND(AgreedValue/100 × BaseRate × Territory × Softening ÷ Gross-Up, 2); ties to artifact premium within $0.01 (generator rounding).
A4: Submitted Date | B4: Submission ID | C4: State | D4: Vehicle | E4: Rating Class | F4: Agreed Value | G4: Base Rate /100 | H4: Territory Factor | I4: Softening Index | J4: Gross-Up Divisor | K4: Rated Premium (calc) | L4: Premium — Artifact | M4: Δ | N4: Disposition | O4: Premium Kind
A5: 2025-10-17 | B5: 7dd3f413-99e2-5679-a932-25a930030572 | C5: MA | D5: 1956 Icon Derelict | E5: 11 Restomod/Coachbuilt | F5: 355000 | G5: 0.88 | H5: 1.25 | I5: 0.9691 | J5: 0.53 | K5: =ROUND(F5/100*G5*H5*I5/J5,2) | L5: 7140.25 | M5: =L5-K5 | N5: bind | O5: bound
A6: 2025-10-27 | B6: 148f9cd9-6c35-5d83-8997-bdcb757bb196 | C6: AK | D6: 1975 Porsche 911 Turbo S | E6: 01 Luxury Sedan/SUV | F6: 465000 | G6: 0.75 | H6: 1.14 | I6: 0.9691 | J6: 0.53 | K6: =ROUND(F6/100*G6*H6*I6/J6,2) | L6: 7269.63 | M6: =L6-K6 | N6: bind | O6: bound
A7: 2025-10-21 | B7: 7961a3b1-629d-5987-b572-5abe238430b7 | C7: AL | D7: 1984 Aston Martin DB5 | E7: 07 Post-War Classic (1946-1972) | F7: 255000 | G7: 0.48 | H7: 1.27 | I7: 0.9691 | J7: 0.53 | K7: =ROUND(F7/100*G7*H7*I7/J7,2) | L7: 2842.35 | M7: =L7-K7 | N7: decline | O7: indicative
A8: 2025-10-02 | B8: 613f3f98-96ad-5226-95d0-0371e3b6d18f | C8: CO | D8: 1993 Bentley Continental GT | E8: 01 Luxury Sedan/SUV | F8: 720000 | G8: 0.65 | H8: 1.1 | I8: 0.9691 | J8: 0.53 | K8: =ROUND(F8/100*G8*H8*I8/J8,2) | L8: 9413.07 | M8: =L8-K8 | N8: bind | O8: bound
A9: 2025-10-02 | B9: b6ad6e2f-2eb9-5dfd-85c8-e3ad4462fb0f | C9: KY | D9: 1979 BMW M8 Competition | E9: 01 Luxury Sedan/SUV | F9: 325000 | G9: 0.75 | H9: 1.34 | I9: 0.9691 | J9: 0.53 | K9: =ROUND(F9/100*G9*H9*I9/J9,2) | L9: 5972.31 | M9: =L9-K9 | N9: bind | O9: bound
A10: 2025-10-27 | B10: ba2ee51d-abab-5dc2-b7c1-0b2cbe28525c | C10: CO | D10: 1975 Maserati GranTurismo | E10: 01 Luxury Sedan/SUV | F10: 1140000 | G10: 0.55 | H10: 1.1 | I10: 0.9691 | J10: 0.53 | K10: =ROUND(F10/100*G10*H10*I10/J10,2) | L10: 12611.1 | M10: =L10-K10 | N10: bind | O10: bound
A11: 2025-10-09 | B11: 3f16059d-d3e9-57cf-82ab-ae29900c2e99 | C11: MA | D11: 2013 Bentley Continental GT | E11: 01 Luxury Sedan/SUV | F11: 195000 | G11: 0.92 | H11: 1.25 | I11: 0.9691 | J11: 0.53 | K11: =ROUND(F11/100*G11*H11*I11/J11,2) | L11: 4100.39 | M11: =L11-K11 | N11: decline | O11: indicative
A12: 2025-10-09 | B12: 717bf145-1bd9-5efe-8454-cfc796d1c1ff | C12: IN | D12: 1958 Ferrari SF90 Stradale | E12: 03 Supercar | F12: 1805000 | G12: 0.8 | H12: 1.23 | I12: 0.9691 | J12: 0.53 | K12: =ROUND(F12/100*G12*H12*I12/J12,2) | L12: 32476.19 | M12: =L12-K12 | N12: bind | O12: bound
A13: 2025-10-05 | B13: 734fb218-ccb0-5022-8f5d-26549a3d3226 | C13: IA | D13: 2021 Mercedes-Benz AMG GT | E13: 01 Luxury Sedan/SUV | F13: 275000 | G13: 0.75 | H13: 1.1 | I13: 0.9691 | J13: 0.53 | K13: =ROUND(F13/100*G13*H13*I13/J13,2) | L13: 4148.39 | M13: =L13-K13 | N13: bind | O13: bound
A14: 2025-10-24 | B14: 85740a90-92c3-539c-93c7-adeca3d863fa | C14: MT | D14: 1958 Maserati GranTurismo | E14: 01 Luxury Sedan/SUV | F14: 200000 | G14: 0.92 | H14: 0.93 | I14: 0.9691 | J14: 0.53 | K14: =ROUND(F14/100*G14*H14*I14/J14,2) | L14: 3128.91 | M14: =L14-K14 | N14: bind | O14: bound
A15: 2025-10-16 | B15: 65c3545d-67dd-5cdd-bb1d-73151503b8d5 | C15: CA | D15: 2021 Ferrari 296 GTB | E15: 03 Supercar | F15: 840000 | G15: 0.95 | H15: 1.35 | I15: 0.9691 | J15: 0.53 | K15: =ROUND(F15/100*G15*H15*I15/J15,2) | L15: 19698.33 | M15: =L15-K15 | N15: decline | O15: indicative
A16: 2025-10-18 | B16: e66e92eb-5021-558e-9965-96f3d3bea318 | C16: NJ | D16: 1975 Ferrari SF90 Stradale | E16: 03 Supercar | F16: 900000 | G16: 0.95 | H16: 0.91 | I16: 0.9691 | J16: 0.53 | K16: =ROUND(F16/100*G16*H16*I16/J16,2) | L16: 14226.57 | M16: =L16-K16 | N16: bind | O16: bound
... A646: 2025-10-02 | B646: 7170def0-1fd0-5df8-a7af-75d67d605fb1 | C646: OR | D646: 1989 Bugatti Type 57 | E646: 06 Vintage Pre-War (pre-1946) | F646: 1415000 | G646: 0.34 | H646: 1.13 | I646: 0.9691 | J646: 0.53 | K646: =ROUND(F646/100*G646*H646*I646/J646,2) | L646: 9940.47 | M646: =L646-K646 | N646: bind | O646: bound
A648: Rated submissions | C648: =COUNTA(B5:B646)
A649: Bound count | C649: =COUNTIF(O5:O646,"bound")
A650: Avg premium — all rated | C650: =AVERAGE(L5:L646)
A651: Avg premium — BOUND only | C651: =AVERAGEIF(O5:O646,"bound",L5:L646)
A652: GWP bound (month) | C652: =SUMIF(O5:O646,"bound",L5:L646)
A653: Softening index (month) | C653: 0.9691

Sheet 2025-11
A1: Monthly Rater — 2025-11 (Month 4 of 12)
A2: Softening index 0.9194. Rated Premium = ROUND(AgreedValue/100 × BaseRate × Territory × Softening ÷ Gross-Up, 2); ties to artifact premium within $0.01 (generator rounding).
A4: Submitted Date | B4: Submission ID | C4: State | D4: Vehicle | E4: Rating Class | F4: Agreed Value | G4: Base Rate /100 | H4: Territory Factor | I4: Softening Index | J4: Gross-Up Divisor | K4: Rated Premium (calc) | L4: Premium — Artifact | M4: Δ | N4: Disposition | O4: Premium Kind
A5: 2025-11-12 | B5: b53326ec-f0da-5c53-9ba6-080ed8492a50 | C5: NE | D5: 1956 Porsche 911 Turbo S | E5: 01 Luxury Sedan/SUV | F5: 230000 | G5: 0.92 | H5: 1.3 | I5: 0.9194 | J5: 0.53 | K5: =ROUND(F5/100*G5*H5*I5/J5,2) | L5: 4771.86 | M5: =L5-K5 | N5: bind | O5: bound
A6: 2025-11-09 | B6: c3c8d850-295b-53d8-9b1c-ce7a4a2a6c25 | C6: ND | D6: 1982 Maserati GranTurismo | E6: 01 Luxury Sedan/SUV | F6: 1320000 | G6: 0.55 | H6: 1.02 | I6: 0.9194 | J6: 0.53 | K6: =ROUND(F6/100*G6*H6*I6/J6,2) | L6: 12845.93 | M6: =L6-K6 | N6: decline | O6: indicative
A7: 2025-11-08 | B7: fbe03d23-8532-5fec-8187-e6d53788385f | C7: NE | D7: 2006 Mercedes-Benz AMG GT | E7: 01 Luxury Sedan/SUV | F7: 175000 | G7: 0.92 | H7: 1.3 | I7: 0.9194 | J7: 0.53 | K7: =ROUND(F7/100*G7*H7*I7/J7,2) | L7: 3630.77 | M7: =L7-K7 | N7: bind | O7: bound
A8: 2025-11-21 | B8: a0c1e882-5df6-5d56-b1e2-e184c040d758 | C8: KY | D8: 1989 Bentley Continental GT | E8: 01 Luxury Sedan/SUV | F8: 680000 | G8: 0.65 | H8: 1.34 | I8: 0.9194 | J8: 0.53 | K8: =ROUND(F8/100*G8*H8*I8/J8,2) | L8: 10274.38 | M8: =L8-K8 | N8: decline | O8: indicative
A9: 2025-11-20 | B9: 9167d22e-7425-500d-8898-7102392e03b2 | C9: MI | D9: 1999 Bentley Continental GT | E9: 01 Luxury Sedan/SUV | F9: 670000 | G9: 0.65 | H9: 1.55 | I9: 0.9194 | J9: 0.53 | K9: =ROUND(F9/100*G9*H9*I9/J9,2) | L9: 11709.77 | M9: =L9-K9 | N9: bind | O9: bound
A10: 2025-11-23 | B10: 3db2bf7f-b0b6-5a15-9f87-156547613706 | C10: NY | D10: 1971 BMW M8 Competition | E10: 01 Luxury Sedan/SUV | F10: 555000 | G10: 0.65 | H10: 1.28 | I10: 0.9194 | J10: 0.53 | K10: =ROUND(F10/100*G10*H10*I10/J10,2) | L10: 8010.23 | M10: =L10-K10 | N10: bind | O10: bound
A11: 2025-11-12 | B11: 7f079f78-3065-5062-a37a-a18c77e2e1e8 | C11: RI | D11: 1994 Mercedes-Benz AMG GT | E11: 01 Luxury Sedan/SUV | F11: 645000 | G11: 0.65 | H11: 1.37 | I11: 0.9194 | J11: 0.53 | K11: =ROUND(F11/100*G11*H11*I11/J11,2) | L11: 9963.74 | M11: =L11-K11 | N11: bind | O11: bound
A12: 2025-11-11 | B12: 1f8f3457-ad50-5243-8eff-733e726ebe7d | C12: AL | D12: 1996 Bentley Continental GT | E12: 01 Luxury Sedan/SUV | F12: 415000 | G12: 0.75 | H12: 1.27 | I12: 0.9194 | J12: 0.53 | K12: =ROUND(F12/100*G12*H12*I12/J12,2) | L12: 6857.12 | M12: =L12-K12 | N12: bind | O12: bound
A13: 2025-11-30 | B13: 7f581160-7d1f-5822-bfb6-b9ce026c7c0f | C13: NC | D13: 2009 Ferrari 296 GTB | E13: 03 Supercar | F13: 1050000 | G13: 0.8 | H13: 1.15 | I13: 0.9194 | J13: 0.53 | K13: =ROUND(F13/100*G13*H13*I13/J13,2) | L13: 16757.37 | M13: =L13-K13 | N13: bind | O13: bound
A14: 2025-11-11 | B14: ca944336-1432-559a-9610-ad8766f122d1 | C14: TX | D14: 2024 Porsche 911 Turbo S | E14: 01 Luxury Sedan/SUV | F14: 890000 | G14: 0.65 | H14: 1.15 | I14: 0.9194 | J14: 0.53 | K14: =ROUND(F14/100*G14*H14*I14/J14,2) | L14: 11540.64 | M14: =L14-K14 | N14: decline | O14: indicative
A15: 2025-11-11 | B15: 2eb300c4-4bc2-551f-ba5a-3b90f9f63963 | C15: IL | D15: 1971 Jaguar E-Type Series 1 | E15: 07 Post-War Classic (1946-1972) | F15: 115000 | G15: 0.57 | H15: 1.36 | I15: 0.9194 | J15: 0.53 | K15: =ROUND(F15/100*G15*H15*I15/J15,2) | L15: 1546.47 | M15: =L15-K15 | N15: bind | O15: bound
A16: 2025-11-12 | B16: 2a5eee0c-0f30-574f-94a5-6dbe1f7d636b | C16: NY | D16: 1963 Icon Derelict | E16: 11 Restomod/Coachbuilt | F16: 140000 | G16: 1.05 | H16: 1.28 | I16: 0.9194 | J16: 0.53 | K16: =ROUND(F16/100*G16*H16*I16/J16,2) | L16: 3264.04 | M16: =L16-K16 | N16: bind | O16: bound
... A636: 2025-11-17 | B636: 0709a352-52e5-52b2-bf9c-729e2a6a2a72 | C636: TX | D636: 1966 Lamborghini Huracan EVO | E636: 03 Supercar | F636: 205000 | G636: 1.42 | H636: 1.15 | I636: 0.9194 | J636: 0.53 | K636: =ROUND(F636/100*G636*H636*I636/J636,2) | L636: 5807.22 | M636: =L636-K636 | N636: bind | O636: bound
A638: Rated submissions | C638: =COUNTA(B5:B636)
A639: Bound count | C639: =COUNTIF(O5:O636,"bound")
A640: Avg premium — all rated | C640: =AVERAGE(L5:L636)
A641: Avg premium — BOUND only | C641: =AVERAGEIF(O5:O636,"bound",L5:L636)
A642: GWP bound (month) | C642: =SUMIF(O5:O636,"bound",L5:L636)
A643: Softening index (month) | C643: 0.9194

Sheet 2025-12
A1: Monthly Rater — 2025-12 (Month 5 of 12)
A2: Softening index 0.9167. Rated Premium = ROUND(AgreedValue/100 × BaseRate × Territory × Softening ÷ Gross-Up, 2); ties to artifact premium within $0.01 (generator rounding).
A4: Submitted Date | B4: Submission ID | C4: State | D4: Vehicle | E4: Rating Class | F4: Agreed Value | G4: Base Rate /100 | H4: Territory Factor | I4: Softening Index | J4: Gross-Up Divisor | K4: Rated Premium (calc) | L4: Premium — Artifact | M4: Δ | N4: Disposition | O4: Premium Kind
A5: 2025-12-12 | B5: 46b1d0b8-b07c-547b-b283-d7958ed85bb6 | C5: RI | D5: 1955 Bentley Continental GT | E5: 01 Luxury Sedan/SUV | F5: 805000 | G5: 0.65 | H5: 1.37 | I5: 0.9167 | J5: 0.53 | K5: =ROUND(F5/100*G5*H5*I5/J5,2) | L5: 12398.84 | M5: =L5-K5 | N5: bind | O5: bound
A6: 2025-12-13 | B6: c929bd97-c419-5c62-acd2-79d9e0e88401 | C6: MT | D6: 2002 Ferrari SF90 Stradale | E6: 03 Supercar | F6: 1085000 | G6: 0.8 | H6: 0.93 | I6: 0.9167 | J6: 0.53 | K6: =ROUND(F6/100*G6*H6*I6/J6,2) | L6: 13962.2 | M6: =L6-K6 | N6: decline | O6: indicative
A7: 2025-12-19 | B7: 5ea140a9-29f4-545c-9cef-7b3d9e477bb3 | C7: NE | D7: 1970 Jaguar E-Type Series 1 | E7: 07 Post-War Classic (1946-1972) | F7: 910000 | G7: 0.43 | H7: 1.3 | I7: 0.9167 | J7: 0.53 | K7: =ROUND(F7/100*G7*H7*I7/J7,2) | L7: 8798.41 | M7: =L7-K7 | N7: bind | O7: bound
A8: 2025-12-09 | B8: 1e3a22e7-5d70-5dc5-8b91-985189ba325e | C8: UT | D8: 1985 Bentley Continental GT | E8: 01 Luxury Sedan/SUV | F8: 545000 | G8: 0.65 | H8: 1.35 | I8: 0.9167 | J8: 0.53 | K8: =ROUND(F8/100*G8*H8*I8/J8,2) | L8: 8271.7 | M8: =L8-K8 | N8: refer | O8: indicative
A9: 2025-12-07 | B9: ace2d65f-ae10-5bfb-a671-933c09ad37a8 | C9: AL | D9: 2014 Mercedes-Benz AMG GT | E9: 01 Luxury Sedan/SUV | F9: 440000 | G9: 0.75 | H9: 1.27 | I9: 0.9167 | J9: 0.53 | K9: =ROUND(F9/100*G9*H9*I9/J9,2) | L9: 7248.85 | M9: =L9-K9 | N9: bind | O9: bound
A10: 2025-12-26 | B10: 2cf1a9d6-a6f3-528b-843c-c9b243af9aa6 | C10: TX | D10: 1971 Maserati GranTurismo | E10: 01 Luxury Sedan/SUV | F10: 500000 | G10: 0.65 | H10: 1.15 | I10: 0.9167 | J10: 0.53 | K10: =ROUND(F10/100*G10*H10*I10/J10,2) | L10: 6464.47 | M10: =L10-K10 | N10: refer | O10: indicative
A11: 2025-12-21 | B11: 335587d9-b0d8-529e-8439-cf2752e57e31 | C11: NH | D11: 2018 Mercedes-Benz 280SL Pagoda | E11: 07 Post-War Classic (1946-1972) | F11: 710000 | G11: 0.43 | H11: 1.04 | I11: 0.9167 | J11: 0.53 | K11: =ROUND(F11/100*G11*H11*I11/J11,2) | L11: 5491.76 | M11: =L11-K11 | N11: decline | O11: indicative
A12: 2025-12-03 | B12: 61f8d53d-cb11-5039-b8ec-b39cb1d1adce | C12: WA | D12: 2018 BMW M8 Competition | E12: 01 Luxury Sedan/SUV | F12: 445000 | G12: 0.75 | H12: 0.96 | I12: 0.9167 | J12: 0.53 | K12: =ROUND(F12/100*G12*H12*I12/J12,2) | L12: 5541.71 | M12: =L12-K12 | N12: bind | O12: bound
A13: 2025-12-07 | B13: ea1eb153-0818-589a-b603-fab853a96635 | C13: SD | D13: 2000 Ferrari 296 GTB | E13: 03 Supercar | F13: 320000 | G13: 1.15 | H13: 1.11 | I13: 0.9167 | J13: 0.53 | K13: =ROUND(F13/100*G13*H13*I13/J13,2) | L13: 7065.16 | M13: =L13-K13 | N13: bind | O13: bound
A14: 2025-12-17 | B14: d8a5e6f4-bab5-5049-a940-5491ab83edf3 | C14: WA | D14: 2003 BMW M8 Competition | E14: 01 Luxury Sedan/SUV | F14: 255000 | G14: 0.75 | H14: 0.96 | I14: 0.9167 | J14: 0.53 | K14: =ROUND(F14/100*G14*H14*I14/J14,2) | L14: 3175.59 | M14: =L14-K14 | N14: decline | O14: indicative
A15: 2025-12-12 | B15: d91b5819-8b63-59ca-ab0c-f9142877b70a | C15: PA | D15: 1969 Icon Derelict | E15: 11 Restomod/Coachbuilt | F15: 1465000 | G15: 0.68 | H15: 1 | I15: 0.9167 | J15: 0.53 | K15: =ROUND(F15/100*G15*H15*I15/J15,2) | L15: 17230.5 | M15: =L15-K15 | N15: refer | O15: indicative
A16: 2025-12-09 | B16: 98f0e675-391d-57db-aea0-9e53dc60124a | C16: NY | D16: 2018 Porsche 911 Turbo S | E16: 01 Luxury Sedan/SUV | F16: 240000 | G16: 0.92 | H16: 1.28 | I16: 0.9167 | J16: 0.53 | K16: =ROUND(F16/100*G16*H16*I16/J16,2) | L16: 4888.33 | M16: =L16-K16 | N16: decline | O16: indicative
... A686: 2025-12-28 | B686: b2a83b88-7406-5e92-abaa-54e4d71a7979 | C686: AR | D686: 2000 Ferrari SF90 Stradale | E686: 03 Supercar | F686: 1315000 | G686: 0.8 | H686: 1.38 | I686: 0.9167 | J686: 0.53 | K686: =ROUND(F686/100*G686*H686*I686/J686,2) | L686: 25109.97 | M686: =L686-K686 | N686: refer | O686: indicative
A688: Rated submissions | C688: =COUNTA(B5:B686)
A689: Bound count | C689: =COUNTIF(O5:O686,"bound")
A690: Avg premium — all rated | C690: =AVERAGE(L5:L686)
A691: Avg premium — BOUND only | C691: =AVERAGEIF(O5:O686,"bound",L5:L686)
A692: GWP bound (month) | C692: =SUMIF(O5:O686,"bound",L5:L686)
A693: Softening index (month) | C693: 0.9167

Sheet 2026-01
A1: Monthly Rater — 2026-01 (Month 6 of 12)
A2: Softening index 0.8972. Rated Premium = ROUND(AgreedValue/100 × BaseRate × Territory × Softening ÷ Gross-Up, 2); ties to artifact premium within $0.01 (generator rounding).
A4: Submitted Date | B4: Submission ID | C4: State | D4: Vehicle | E4: Rating Class | F4: Agreed Value | G4: Base Rate /100 | H4: Territory Factor | I4: Softening Index | J4: Gross-Up Divisor | K4: Rated Premium (calc) | L4: Premium — Artifact | M4: Δ | N4: Disposition | O4: Premium Kind
A5: 2026-01-31 | B5: be2ab259-d09e-5326-94ea-4eaa150e5249 | C5: MN | D5: 1993 Maserati GranTurismo | E5: 01 Luxury Sedan/SUV | F5: 280000 | G5: 0.75 | H5: 1.32 | I5: 0.8972 | J5: 0.53 | K5: =ROUND(F5/100*G5*H5*I5/J5,2) | L5: 4692.53 | M5: =L5-K5 | N5: bind | O5: bound
A6: 2026-01-12 | B6: ff57c5fd-a4cc-53c9-a0a8-98f6f82bac3b | C6: ME | D6: 1984 Porsche 911 Turbo S | E6: 01 Luxury Sedan/SUV | F6: 1275000 | G6: 0.55 | H6: 1.08 | I6: 0.8972 | J6: 0.53 | K6: =ROUND(F6/100*G6*H6*I6/J6,2) | L6: 12820.65 | M6: =L6-K6 | N6: decline | O6: indicative
A7: 2026-01-14 | B7: 0f1ed644-7e82-5ef8-9182-9ca5dd32a1b6 | C7: NY | D7: 1964 Aston Martin DB5 | E7: 07 Post-War Classic (1946-1972) | F7: 555000 | G7: 0.43 | H7: 1.28 | I7: 0.8972 | J7: 0.53 | K7: =ROUND(F7/100*G7*H7*I7/J7,2) | L7: 5171.12 | M7: =L7-K7 | N7: decline | O7: indicative
A8: 2026-01-22 | B8: 1d112bbb-a90d-5bbf-8212-3f70478eba4b | C8: WY | D8: 1978 Aston Martin DB5 | E8: 07 Post-War Classic (1946-1972) | F8: 495000 | G8: 0.48 | H8: 1.07 | I8: 0.8972 | J8: 0.53 | K8: =ROUND(F8/100*G8*H8*I8/J8,2) | L8: 4303.72 | M8: =L8-K8 | N8: bind | O8: bound
A9: 2026-01-20 | B9: 4e40b635-d3c3-5104-b13e-bfe0810e21eb | C9: CA | D9: 2011 Aston Martin DB12 | E9: 01 Luxury Sedan/SUV | F9: 275000 | G9: 0.75 | H9: 1.35 | I9: 0.8972 | J9: 0.53 | K9: =ROUND(F9/100*G9*H9*I9/J9,2) | L9: 4713.48 | M9: =L9-K9 | N9: decline | O9: indicative
A10: 2026-01-19 | B10: 621fa043-bfc3-5c82-a895-72cbe814b65a | C10: UT | D10: 1956 Bentley Continental GT | E10: 01 Luxury Sedan/SUV | F10: 455000 | G10: 0.75 | H10: 1.35 | I10: 0.8972 | J10: 0.53 | K10: =ROUND(F10/100*G10*H10*I10/J10,2) | L10: 7798.66 | M10: =L10-K10 | N10: bind | O10: bound
A11: 2026-01-27 | B11: 8fcf0e62-34f6-5034-b3db-c672cef01771 | C11: ME | D11: 1960 Jaguar E-Type Series 1 | E11: 07 Post-War Classic (1946-1972) | F11: 210000 | G11: 0.57 | H11: 1.08 | I11: 0.8972 | J11: 0.53 | K11: =ROUND(F11/100*G11*H11*I11/J11,2) | L11: 2188.42 | M11: =L11-K11 | N11: bind | O11: bound
A12: 2026-01-13 | B12: bac0919c-cb65-5fa7-bcb0-11091e8bd0f0 | C12: IL | D12: 2003 Aston Martin DB12 | E12: 01 Luxury Sedan/SUV | F12: 625000 | G12: 0.65 | H12: 1.36 | I12: 0.8972 | J12: 0.53 | K12: =ROUND(F12/100*G12*H12*I12/J12,2) | L12: 9352.89 | M12: =L12-K12 | N12: bind | O12: bound
A13: 2026-01-23 | B13: 3025f4b3-e39d-5f9c-afda-cc50be7b5a16 | C13: NC | D13: 1959 Mercedes-Benz AMG GT | E13: 01 Luxury Sedan/SUV | F13: 150000 | G13: 0.92 | H13: 1.15 | I13: 0.8972 | J13: 0.53 | K13: =ROUND(F13/100*G13*H13*I13/J13,2) | L13: 2686.52 | M13: =L13-K13 | N13: bind | O13: bound
A14: 2026-01-16 | B14: 042163f0-c125-5a8e-a66c-621fb02a225e | C14: GA | D14: 1962 BMW M8 Competition | E14: 01 Luxury Sedan/SUV | F14: 720000 | G14: 0.65 | H14: 1.12 | I14: 0.8972 | J14: 0.53 | K14: =ROUND(F14/100*G14*H14*I14/J14,2) | L14: 8873.14 | M14: =L14-K14 | N14: bind | O14: bound
A15: 2026-01-01 | B15: 22e69e2c-84eb-57dd-aa50-d3121df8965a | C15: VA | D15: 1995 Aston Martin DB12 | E15: 01 Luxury Sedan/SUV | F15: 680000 | G15: 0.65 | H15: 1.09 | I15: 0.8972 | J15: 0.53 | K15: =ROUND(F15/100*G15*H15*I15/J15,2) | L15: 8155.72 | M15: =L15-K15 | N15: bind | O15: bound
A16: 2026-01-18 | B16: 3ebd360b-1708-56df-8797-ecace8b90144 | C16: ND | D16: 1970 Porsche 911 Turbo S | E16: 01 Luxury Sedan/SUV | F16: 565000 | G16: 0.65 | H16: 1.02 | I16: 0.8972 | J16: 0.53 | K16: =ROUND(F16/100*G16*H16*I16/J16,2) | L16: 6341.26 | M16: =L16-K16 | N16: decline | O16: indicative
... A689: 2026-01-06 | B689: 4d0d4711-e804-5a45-adc1-b3cfc731f0eb | C689: TX | D689: 2013 Maserati GranTurismo | E689: 01 Luxury Sedan/SUV | F689: 340000 | G689: 0.75 | H689: 1.15 | I689: 0.8972 | J689: 0.53 | K689: =ROUND(F689/100*G689*H689*I689/J689,2) | L689: 4964.23 | M689: =L689-K689 | N689: bind | O689: bound
A691: Rated submissions | C691: =COUNTA(B5:B689)
A692: Bound count | C692: =COUNTIF(O5:O689,"bound")
A693: Avg premium — all rated | C693: =AVERAGE(L5:L689)
A694: Avg premium — BOUND only | C694: =AVERAGEIF(O5:O689,"bound",L5:L689)
A695: GWP bound (month) | C695: =SUMIF(O5:O689,"bound",L5:L689)
A696: Softening index (month) | C696: 0.8972

Sheet 2026-02
A1: Monthly Rater — 2026-02 (Month 7 of 12)
A2: Softening index 0.8792. Rated Premium = ROUND(AgreedValue/100 × BaseRate × Territory × Softening ÷ Gross-Up, 2); ties to artifact premium within $0.01 (generator rounding).
A4: Submitted Date | B4: Submission ID | C4: State | D4: Vehicle | E4: Rating Class | F4: Agreed Value | G4: Base Rate /100 | H4: Territory Factor | I4: Softening Index | J4: Gross-Up Divisor | K4: Rated Premium (calc) | L4: Premium — Artifact | M4: Δ | N4: Disposition | O4: Premium Kind
A5: 2026-02-26 | B5: 13560221-5736-53e0-b2c2-e140d051895b | C5: IA | D5: 1963 Ferrari SF90 Stradale | E5: 03 Supercar | F5: 550000 | G5: 0.95 | H5: 1.1 | I5: 0.8792 | J5: 0.53 | K5: =ROUND(F5/100*G5*H5*I5/J5,2) | L5: 9534.34 | M5: =L5-K5 | N5: bind | O5: bound
A6: 2026-02-12 | B6: b90f11e3-79d6-500c-9f4e-f647f2f185ca | C6: OH | D6: 1986 BMW M8 Competition | E6: 01 Luxury Sedan/SUV | F6: 205000 | G6: 0.92 | H6: 1.39 | I6: 0.8792 | J6: 0.53 | K6: =ROUND(F6/100*G6*H6*I6/J6,2) | L6: 4348.79 | M6: =L6-K6 | N6: bind | O6: bound
A7: 2026-02-10 | B7: 8a94a6cf-4e79-5f37-ba73-8deb3554f66f | C7: WI | D7: 1970 Mercedes-Benz AMG GT | E7: 01 Luxury Sedan/SUV | F7: 635000 | G7: 0.65 | H7: 1.2 | I7: 0.8792 | J7: 0.53 | K7: =ROUND(F7/100*G7*H7*I7/J7,2) | L7: 8216.37 | M7: =L7-K7 | N7: bind | O7: bound
A8: 2026-02-27 | B8: 8c91bd59-62f0-5210-a36c-59a7c01d77ca | C8: CA | D8: 1958 Aston Martin DB12 | E8: 01 Luxury Sedan/SUV | F8: 415000 | G8: 0.75 | H8: 1.35 | I8: 0.8792 | J8: 0.53 | K8: =ROUND(F8/100*G8*H8*I8/J8,2) | L8: 6970.36 | M8: =L8-K8 | N8: bind | O8: bound
A9: 2026-02-11 | B9: 86ed58a3-89fa-55d0-9ae9-00f15af0d01a | C9: FL | D9: 1982 Ringbrothers Mustang | E9: 11 Restomod/Coachbuilt | F9: 460000 | G9: 0.88 | H9: 1.42 | I9: 0.8792 | J9: 0.53 | K9: =ROUND(F9/100*G9*H9*I9/J9,2) | L9: 9535.43 | M9: =L9-K9 | N9: bind | O9: bound
A10: 2026-02-05 | B10: a066fa76-6c93-53b1-b9e7-f6d6520e4a17 | C10: HI | D10: 2017 Ferrari 275 GTB/4 | E10: 07 Post-War Classic (1946-1972) | F10: 910000 | G10: 0.43 | H10: 1.3 | I10: 0.8792 | J10: 0.53 | K10: =ROUND(F10/100*G10*H10*I10/J10,2) | L10: 8438.49 | M10: =L10-K10 | N10: bind | O10: bound
A11: 2026-02-05 | B11: 26b6ee43-99fb-56fc-ad20-5bf654272603 | C11: CA | D11: 1966 Mercedes-Benz AMG GT | E11: 01 Luxury Sedan/SUV | F11: 545000 | G11: 0.65 | H11: 1.35 | I11: 0.8792 | J11: 0.53 | K11: =ROUND(F11/100*G11*H11*I11/J11,2) | L11: 7933.33 | M11: =L11-K11 | N11: refer | O11: indicative
A12: 2026-02-05 | B12: 17b71386-6d36-5bd4-9f35-06dea40956fb | C12: MO | D12: 1980 Bentley Continental GT | E12: 01 Luxury Sedan/SUV | F12: 800000 | G12: 0.65 | H12: 1.06 | I12: 0.8792 | J12: 0.53 | K12: =ROUND(F12/100*G12*H12*I12/J12,2) | L12: 9143.68 | M12: =L12-K12 | N12: bind | O12: bound
A13: 2026-02-11 | B13: 9b3c88ab-1836-5e94-aa09-ccca27f7566c | C13: KS | D13: 1957 BMW M8 Competition | E13: 01 Luxury Sedan/SUV | F13: 500000 | G13: 0.65 | H13: 0.97 | I13: 0.8792 | J13: 0.53 | K13: =ROUND(F13/100*G13*H13*I13/J13,2) | L13: 5229.58 | M13: =L13-K13 | N13: bind | O13: bound
A14: 2026-02-16 | B14: df714270-4399-59b8-811d-cf1e31e0718a | C14: WA | D14: 1955 Aston Martin DB5 | E14: 07 Post-War Classic (1946-1972) | F14: 720000 | G14: 0.43 | H14: 0.96 | I14: 0.8792 | J14: 0.53 | K14: =ROUND(F14/100*G14*H14*I14/J14,2) | L14: 4930.42 | M14: =L14-K14 | N14: decline | O14: indicative
A15: 2026-02-25 | B15: 5bba29f7-545c-5eda-9f6d-7a557552e176 | C15: KS | D15: 1962 Maserati GranTurismo | E15: 01 Luxury Sedan/SUV | F15: 275000 | G15: 0.75 | H15: 0.97 | I15: 0.8792 | J15: 0.53 | K15: =ROUND(F15/100*G15*H15*I15/J15,2) | L15: 3318.77 | M15: =L15-K15 | N15: refer | O15: indicative
A16: 2026-02-01 | B16: 7fcc6b88-725d-5ebf-a1f0-d4ce4b379b65 | C16: TX | D16: 1969 Mercedes-Benz AMG GT | E16: 01 Luxury Sedan/SUV | F16: 970000 | G16: 0.65 | H16: 1.15 | I16: 0.8792 | J16: 0.53 | K16: =ROUND(F16/100*G16*H16*I16/J16,2) | L16: 12028.04 | M16: =L16-K16 | N16: bind | O16: bound
... A725: 2026-02-27 | B725: f2b3d234-177e-58c6-a7c1-cc1db2f91dfc | C725: NY | D725: 2021 Aston Martin DB12 | E725: 01 Luxury Sedan/SUV | F725: 455000 | G725: 0.75 | H725: 1.28 | I725: 0.8792 | J725: 0.53 | K725: =ROUND(F725/100*G725*H725*I725/J725,2) | L725: 7245.94 | M725: =L725-K725 | N725: bind | O725: bound
A727: Rated submissions | C727: =COUNTA(B5:B725)
A728: Bound count | C728: =COUNTIF(O5:O725,"bound")
A729: Avg premium — all rated | C729: =AVERAGE(L5:L725)
A730: Avg premium — BOUND only | C730: =AVERAGEIF(O5:O725,"bound",L5:L725)
A731: GWP bound (month) | C731: =SUMIF(O5:O725,"bound",L5:L725)
A732: Softening index (month) | C732: 0.8792

Sheet 2026-03
A1: Monthly Rater — 2026-03 (Month 8 of 12)
A2: Softening index 0.8467. Rated Premium = ROUND(AgreedValue/100 × BaseRate × Territory × Softening ÷ Gross-Up, 2); ties to artifact premium within $0.01 (generator rounding).
A4: Submitted Date | B4: Submission ID | C4: State | D4: Vehicle | E4: Rating Class | F4: Agreed Value | G4: Base Rate /100 | H4: Territory Factor | I4: Softening Index | J4: Gross-Up Divisor | K4: Rated Premium (calc) | L4: Premium — Artifact | M4: Δ | N4: Disposition | O4: Premium Kind
A5: 2026-03-03 | B5: e0875697-058a-50c6-9e31-ab064247ac5f | C5: PA | D5: 2008 BMW M8 Competition | E5: 01 Luxury Sedan/SUV | F5: 1195000 | G5: 0.55 | H5: 1 | I5: 0.8467 | J5: 0.53 | K5: =ROUND(F5/100*G5*H5*I5/J5,2) | L5: 10499.88 | M5: =L5-K5 | N5: decline | O5: indicative
A6: 2026-03-31 | B6: 50bae33a-fa74-5c52-8522-17749b65e544 | C6: IL | D6: 2021 Singer 911 Reimagined | E6: 11 Restomod/Coachbuilt | F6: 820000 | G6: 0.78 | H6: 1.36 | I6: 0.8467 | J6: 0.53 | K6: =ROUND(F6/100*G6*H6*I6/J6,2) | L6: 13896.36 | M6: =L6-K6 | N6: refer | O6: indicative
A7: 2026-03-12 | B7: 93b7a607-3658-5dfe-9cfb-4b3f32f6df97 | C7: MD | D7: 2010 Ferrari SF90 Stradale | E7: 03 Supercar | F7: 560000 | G7: 0.95 | H7: 0.95 | I7: 0.8467 | J7: 0.53 | K7: =ROUND(F7/100*G7*H7*I7/J7,2) | L7: 8074 | M7: =L7-K7 | N7: bind | O7: bound
A8: 2026-03-28 | B8: f0fe8a2b-06b6-593a-a7d1-ae6bcd9f8e01 | C8: AL | D8: 2019 Porsche 911 Turbo S | E8: 01 Luxury Sedan/SUV | F8: 375000 | G8: 0.75 | H8: 1.27 | I8: 0.8467 | J8: 0.53 | K8: =ROUND(F8/100*G8*H8*I8/J8,2) | L8: 5706.24 | M8: =L8-K8 | N8: bind | O8: bound
A9: 2026-03-05 | B9: 53b835af-07c3-57f9-8f76-8457a4216d1c | C9: CA | D9: 1982 Ferrari 296 GTB | E9: 03 Supercar | F9: 905000 | G9: 0.95 | H9: 1.35 | I9: 0.8467 | J9: 0.53 | K9: =ROUND(F9/100*G9*H9*I9/J9,2) | L9: 18542.13 | M9: =L9-K9 | N9: decline | O9: indicative
A10: 2026-03-18 | B10: 0f56d385-59ef-528d-bc97-ef113f22557f | C10: IN | D10: 2004 Mercedes-Benz AMG GT | E10: 01 Luxury Sedan/SUV | F10: 1260000 | G10: 0.55 | H10: 1.23 | I10: 0.8467 | J10: 0.53 | K10: =ROUND(F10/100*G10*H10*I10/J10,2) | L10: 13617.33 | M10: =L10-K10 | N10: bind | O10: bound
A11: 2026-03-01 | B11: 12c7af4d-a962-5f69-a7ed-6c41e6dc502c | C11: PA | D11: 1961 Porsche 911 Turbo S | E11: 01 Luxury Sedan/SUV | F11: 575000 | G11: 0.65 | H11: 1 | I11: 0.8467 | J11: 0.53 | K11: =ROUND(F11/100*G11*H11*I11/J11,2) | L11: 5970.84 | M11: =L11-K11 | N11: bind | O11: bound
A12: 2026-03-05 | B12: f2950b92-b81f-5675-9a51-6291d07b946e | C12: MO | D12: 2013 Ferrari 275 GTB/4 | E12: 07 Post-War Classic (1946-1972) | F12: 525000 | G12: 0.43 | H12: 1.06 | I12: 0.8467 | J12: 0.53 | K12: =ROUND(F12/100*G12*H12*I12/J12,2) | L12: 3822.85 | M12: =L12-K12 | N12: refer | O12: indicative
A13: 2026-03-11 | B13: 659734f3-a7cd-5fd1-ae88-c4996ffd099e | C13: OH | D13: 1957 Aston Martin DB12 | E13: 01 Luxury Sedan/SUV | F13: 545000 | G13: 0.65 | H13: 1.39 | I13: 0.8467 | J13: 0.53 | K13: =ROUND(F13/100*G13*H13*I13/J13,2) | L13: 7866.44 | M13: =L13-K13 | N13: decline | O13: indicative
A14: 2026-03-05 | B14: d96bd254-4883-56a3-bbb9-872572a64c5a | C14: LA | D14: 1996 Mercedes-Benz AMG GT | E14: 01 Luxury Sedan/SUV | F14: 1040000 | G14: 0.55 | H14: 1.21 | I14: 0.8467 | J14: 0.53 | K14: =ROUND(F14/100*G14*H14*I14/J14,2) | L14: 11056.95 | M14: =L14-K14 | N14: decline | O14: indicative
A15: 2026-03-03 | B15: c3d4368e-a0ef-5db0-b3b1-613b0596df61 | C15: MD | D15: 1996 Ferrari 275 GTB/4 | E15: 07 Post-War Classic (1946-1972) | F15: 695000 | G15: 0.43 | H15: 0.95 | I15: 0.8467 | J15: 0.53 | K15: =ROUND(F15/100*G15*H15*I15/J15,2) | L15: 4535.56 | M15: =L15-K15 | N15: bind | O15: bound
A16: 2026-03-11 | B16: 1c03ba94-712d-5c57-ad0b-7cb751010558 | C16: NH | D16: 1962 Bentley Continental GT | E16: 01 Luxury Sedan/SUV | F16: 405000 | G16: 0.75 | H16: 1.04 | I16: 0.8467 | J16: 0.53 | K16: =ROUND(F16/100*G16*H16*I16/J16,2) | L16: 5046.65 | M16: =L16-K16 | N16: refer | O16: indicative
... A806: 2026-03-05 | B806: 41980e69-e058-5217-8dc0-6cf13ec0cb4a | C806: CO | D806: 1959 Ferrari 275 GTB/4 | E806: 07 Post-War Classic (1946-1972) | F806: 650000 | G806: 0.43 | H806: 1.1 | I806: 0.8467 | J806: 0.53 | K806: =ROUND(F806/100*G806*H806*I806/J806,2) | L806: 4911.66 | M806: =L806-K806 | N806: bind | O806: bound
A808: Rated submissions | C808: =COUNTA(B5:B806)
A809: Bound count | C809: =COUNTIF(O5:O806,"bound")
A810: Avg premium — all rated | C810: =AVERAGE(L5:L806)
A811: Avg premium — BOUND only | C811: =AVERAGEIF(O5:O806,"bound",L5:L806)
A812: GWP bound (month) | C812: =SUMIF(O5:O806,"bound",L5:L806)
A813: Softening index (month) | C813: 0.8467

Sheet 2026-04
A1: Monthly Rater — 2026-04 (Month 9 of 12)
A2: Softening index 0.8305. Rated Premium = ROUND(AgreedValue/100 × BaseRate × Territory × Softening ÷ Gross-Up, 2); ties to artifact premium within $0.01 (generator rounding).
A4: Submitted Date | B4: Submission ID | C4: State | D4: Vehicle | E4: Rating Class | F4: Agreed Value | G4: Base Rate /100 | H4: Territory Factor | I4: Softening Index | J4: Gross-Up Divisor | K4: Rated Premium (calc) | L4: Premium — Artifact | M4: Δ | N4: Disposition | O4: Premium Kind
A5: 2026-04-22 | B5: df6abe92-076e-5f2e-99bb-0e7c55c86948 | C5: NE | D5: 1977 Aston Martin DB5 | E5: 07 Post-War Classic (1946-1972) | F5: 1485000 | G5: 0.38 | H5: 1.3 | I5: 0.8305 | J5: 0.53 | K5: =ROUND(F5/100*G5*H5*I5/J5,2) | L5: 11495.22 | M5: =L5-K5 | N5: bind | O5: bound
A6: 2026-04-28 | B6: 0a726100-3279-5b3a-939c-8247f7b0a1a4 | C6: CA | D6: 1966 Bentley 4.5 Litre | E6: 06 Vintage Pre-War (pre-1946) | F6: 545000 | G6: 0.38 | H6: 1.35 | I6: 0.8305 | J6: 0.53 | K6: =ROUND(F6/100*G6*H6*I6/J6,2) | L6: 4381.05 | M6: =L6-K6 | N6: bind | O6: bound
A7: 2026-04-08 | B7: 00030a5b-6865-50b6-b5b4-43f68f5fb949 | C7: NV | D7: 2014 Bentley Continental GT | E7: 01 Luxury Sedan/SUV | F7: 385000 | G7: 0.75 | H7: 1.17 | I7: 0.8305 | J7: 0.53 | K7: =ROUND(F7/100*G7*H7*I7/J7,2) | L7: 5293.85 | M7: =L7-K7 | N7: decline | O7: indicative
A8: 2026-04-15 | B8: e9607fc0-bfa3-5832-aba5-d8a2d68f70a9 | C8: CT | D8: 2020 Lamborghini Huracan EVO | E8: 03 Supercar | F8: 1205000 | G8: 0.8 | H8: 1.12 | I8: 0.8305 | J8: 0.53 | K8: =ROUND(F8/100*G8*H8*I8/J8,2) | L8: 16918.38 | M8: =L8-K8 | N8: refer | O8: indicative
A9: 2026-04-01 | B9: 3f1ebcb7-8e1b-569d-82bf-82f13dec6cca | C9: AR | D9: 2024 Porsche 911 Turbo S | E9: 01 Luxury Sedan/SUV | F9: 865000 | G9: 0.65 | H9: 1.38 | I9: 0.8305 | J9: 0.53 | K9: =ROUND(F9/100*G9*H9*I9/J9,2) | L9: 12158.29 | M9: =L9-K9 | N9: bind | O9: bound
A10: 2026-04-14 | B10: 1713fc02-42ea-58f2-a2aa-9cf6ef6e4e18 | C10: RI | D10: 1964 Mercedes-Benz AMG GT | E10: 01 Luxury Sedan/SUV | F10: 470000 | G10: 0.75 | H10: 1.37 | I10: 0.8305 | J10: 0.53 | K10: =ROUND(F10/100*G10*H10*I10/J10,2) | L10: 7567.34 | M10: =L10-K10 | N10: bind | O10: bound
A11: 2026-04-04 | B11: ae3b420f-527e-581a-8ee8-10b77b3a9195 | C11: IL | D11: 2015 Maserati GranTurismo | E11: 01 Luxury Sedan/SUV | F11: 275000 | G11: 0.75 | H11: 1.36 | I11: 0.8305 | J11: 0.53 | K11: =ROUND(F11/100*G11*H11*I11/J11,2) | L11: 4395.38 | M11: =L11-K11 | N11: bind | O11: bound
A12: 2026-04-10 | B12: 878c2c64-d8e5-5724-be85-8b478a9f189e | C12: OK | D12: 2002 Aston Martin DB5 | E12: 07 Post-War Classic (1946-1972) | F12: 1325000 | G12: 0.38 | H12: 1.26 | I12: 0.8305 | J12: 0.53 | K12: =ROUND(F12/100*G12*H12*I12/J12,2) | L12: 9941.09 | M12: =L12-K12 | N12: bind | O12: bound
A13: 2026-04-27 | B13: 1f76a070-7289-5350-83e1-67e73f062ee2 | C13: MI | D13: 1996 Bentley Continental GT | E13: 01 Luxury Sedan/SUV | F13: 285000 | G13: 0.75 | H13: 1.55 | I13: 0.8305 | J13: 0.53 | K13: =ROUND(F13/100*G13*H13*I13/J13,2) | L13: 5191.6 | M13: =L13-K13 | N13: bind | O13: bound
A14: 2026-04-04 | B14: b37ea1c7-5b04-5847-883e-a7bf877da892 | C14: SC | D14: 1998 Jaguar E-Type Series 1 | E14: 07 Post-War Classic (1946-1972) | F14: 1855000 | G14: 0.38 | H14: 1.24 | I14: 0.8305 | J14: 0.53 | K14: =ROUND(F14/100*G14*H14*I14/J14,2) | L14: 13696.61 | M14: =L14-K14 | N14: bind | O14: bound
A15: 2026-04-10 | B15: df59cdf2-bc68-5383-84e4-d0a9020e4eaf | C15: CO | D15: 2004 BMW M8 Competition | E15: 01 Luxury Sedan/SUV | F15: 285000 | G15: 0.75 | H15: 1.1 | I15: 0.8305 | J15: 0.53 | K15: =ROUND(F15/100*G15*H15*I15/J15,2) | L15: 3684.36 | M15: =L15-K15 | N15: decline | O15: indicative
A16: 2026-04-07 | B16: 2e3ebef0-c6db-5c8a-b013-100e22ba0e90 | C16: MA | D16: 2010 Mercedes-Benz AMG GT | E16: 01 Luxury Sedan/SUV | F16: 690000 | G16: 0.65 | H16: 1.25 | I16: 0.8305 | J16: 0.53 | K16: =ROUND(F16/100*G16*H16*I16/J16,2) | L16: 8784.89 | M16: =L16-K16 | N16: bind | O16: bound
... A730: 2026-04-05 | B730: 3d6325ed-93bc-5722-9e9b-d93392cbf593 | C730: MO | D730: 2019 Bentley Continental GT | E730: 01 Luxury Sedan/SUV | F730: 1190000 | G730: 0.55 | H730: 1.06 | I730: 0.8305 | J730: 0.53 | K730: =ROUND(F730/100*G730*H730*I730/J730,2) | L730: 10871.25 | M730: =L730-K730 | N730: bind | O730: bound
A732: Rated submissions | C732: =COUNTA(B5:B730)
A733: Bound count | C733: =COUNTIF(O5:O730,"bound")
A734: Avg premium — all rated | C734: =AVERAGE(L5:L730)
A735: Avg premium — BOUND only | C735: =AVERAGEIF(O5:O730,"bound",L5:L730)
A736: GWP bound (month) | C736: =SUMIF(O5:O730,"bound",L5:L730)
A737: Softening index (month) | C737: 0.8305

Sheet 2026-05
A1: Monthly Rater — 2026-05 (Month 10 of 12)
A2: Softening index 0.7772. Rated Premium = ROUND(AgreedValue/100 × BaseRate × Territory × Softening ÷ Gross-Up, 2); ties to artifact premium within $0.01 (generator rounding).
A4: Submitted Date | B4: Submission ID | C4: State | D4: Vehicle | E4: Rating Class | F4: Agreed Value | G4: Base Rate /100 | H4: Territory Factor | I4: Softening Index | J4: Gross-Up Divisor | K4: Rated Premium (calc) | L4: Premium — Artifact | M4: Δ | N4: Disposition | O4: Premium Kind
A5: 2026-05-18 | B5: 72e21fcc-82fe-51ba-a30d-200c5729a621 | C5: MI | D5: 1995 Maserati GranTurismo | E5: 01 Luxury Sedan/SUV | F5: 705000 | G5: 0.65 | H5: 1.55 | I5: 0.7772 | J5: 0.53 | K5: =ROUND(F5/100*G5*H5*I5/J5,2) | L5: 10415.76 | M5: =L5-K5 | N5: bind | O5: bound
A6: 2026-05-19 | B6: 25a22ebc-7093-5b68-999b-a8d5edc84ce7 | C6: IA | D6: 1997 Aston Martin DB5 | E6: 07 Post-War Classic (1946-1972) | F6: 585000 | G6: 0.43 | H6: 1.1 | I6: 0.7772 | J6: 0.53 | K6: =ROUND(F6/100*G6*H6*I6/J6,2) | L6: 4057.64 | M6: =L6-K6 | N6: refer | O6: indicative
A7: 2026-05-16 | B7: 0129ca02-1804-5826-8dd8-e1f4478090ca | C7: OH | D7: 1965 Bentley 4.5 Litre | E7: 06 Vintage Pre-War (pre-1946) | F7: 1800000 | G7: 0.34 | H7: 1.39 | I7: 0.7772 | J7: 0.53 | K7: =ROUND(F7/100*G7*H7*I7/J7,2) | L7: 12474.5 | M7: =L7-K7 | N7: bind | O7: bound
A8: 2026-05-31 | B8: e2f7c59e-e582-5136-92b5-d638cd09056b | C8: WA | D8: 1956 Porsche 911 Turbo S | E8: 01 Luxury Sedan/SUV | F8: 710000 | G8: 0.65 | H8: 0.96 | I8: 0.7772 | J8: 0.53 | K8: =ROUND(F8/100*G8*H8*I8/J8,2) | L8: 6496.81 | M8: =L8-K8 | N8: bind | O8: bound
A9: 2026-05-14 | B9: 7cf7bcd0-f614-50a3-936b-aa6c136fb523 | C9: IL | D9: 1957 McLaren 750S | E9: 03 Supercar | F9: 1320000 | G9: 0.8 | H9: 1.36 | I9: 0.7772 | J9: 0.53 | K9: =ROUND(F9/100*G9*H9*I9/J9,2) | L9: 21060.07 | M9: =L9-K9 | N9: bind | O9: bound
A10: 2026-05-08 | B10: 884a5219-923d-563c-83da-4b8d3e486d29 | C10: LA | D10: 1998 Mercedes-Benz 280SL Pagoda | E10: 07 Post-War Classic (1946-1972) | F10: 585000 | G10: 0.43 | H10: 1.21 | I10: 0.7772 | J10: 0.53 | K10: =ROUND(F10/100*G10*H10*I10/J10,2) | L10: 4463.41 | M10: =L10-K10 | N10: bind | O10: bound
A11: 2026-05-20 | B11: 9620d651-99a2-55ab-ae96-f8b957eff26f | C11: OK | D11: 1970 Ferrari 296 GTB | E11: 03 Supercar | F11: 640000 | G11: 0.95 | H11: 1.26 | I11: 0.7772 | J11: 0.53 | K11: =ROUND(F11/100*G11*H11*I11/J11,2) | L11: 11233.91 | M11: =L11-K11 | N11: bind | O11: bound
A12: 2026-05-10 | B12: d0cf7c1e-5b3a-5f74-878a-21eeab097394 | C12: IA | D12: 1995 Bentley Continental GT | E12: 01 Luxury Sedan/SUV | F12: 1150000 | G12: 0.55 | H12: 1.1 | I12: 0.7772 | J12: 0.53 | K12: =ROUND(F12/100*G12*H12*I12/J12,2) | L12: 10202.58 | M12: =L12-K12 | N12: bind | O12: bound
A13: 2026-05-08 | B13: 825ab9db-d950-59b3-a79f-75dd9870f6e3 | C13: NJ | D13: 1984 Mercedes-Benz 280SL Pagoda | E13: 07 Post-War Classic (1946-1972) | F13: 905000 | G13: 0.43 | H13: 0.91 | I13: 0.7772 | J13: 0.53 | K13: =ROUND(F13/100*G13*H13*I13/J13,2) | L13: 5192.96 | M13: =L13-K13 | N13: bind | O13: bound
A14: 2026-05-21 | B14: db714f1f-be49-56c0-8c0a-c85bb4b06a08 | C14: OH | D14: 2023 BMW M8 Competition | E14: 01 Luxury Sedan/SUV | F14: 300000 | G14: 0.75 | H14: 1.39 | I14: 0.7772 | J14: 0.53 | K14: =ROUND(F14/100*G14*H14*I14/J14,2) | L14: 4586.21 | M14: =L14-K14 | N14: decline | O14: indicative
A15: 2026-05-18 | B15: 896c78fe-026f-50e6-bc1f-214a624c9919 | C15: CT | D15: 2024 Ferrari 296 GTB | E15: 03 Supercar | F15: 790000 | G15: 0.95 | H15: 1.12 | I15: 0.7772 | J15: 0.53 | K15: =ROUND(F15/100*G15*H15*I15/J15,2) | L15: 12326.1 | M15: =L15-K15 | N15: bind | O15: bound
A16: 2026-05-08 | B16: 88b63ed7-48ac-5bdc-b623-624b505252e2 | C16: WI | D16: 1975 Lamborghini Huracan EVO | E16: 03 Supercar | F16: 730000 | G16: 0.95 | H16: 1.2 | I16: 0.7772 | J16: 0.53 | K16: =ROUND(F16/100*G16*H16*I16/J16,2) | L16: 12203.51 | M16: =L16-K16 | N16: bind | O16: bound
... A755: 2026-05-20 | B755: 7a97c43c-afd0-5c6a-8013-f8c5ed74df4d | C755: CT | D755: 1961 Aston Martin DB5 | E755: 07 Post-War Classic (1946-1972) | F755: 585000 | G755: 0.43 | H755: 1.12 | I755: 0.7772 | J755: 0.53 | K755: =ROUND(F755/100*G755*H755*I755/J755,2) | L755: 4131.42 | M755: =L755-K755 | N755: bind | O755: bound
A757: Rated submissions | C757: =COUNTA(B5:B755)
A758: Bound count | C758: =COUNTIF(O5:O755,"bound")
A759: Avg premium — all rated | C759: =AVERAGE(L5:L755)
A760: Avg premium — BOUND only | C760: =AVERAGEIF(O5:O755,"bound",L5:L755)
A761: GWP bound (month) | C761: =SUMIF(O5:O755,"bound",L5:L755)
A762: Softening index (month) | C762: 0.7772

Sheet 2026-06
A1: Monthly Rater — 2026-06 (Month 11 of 12)
A2: Softening index 0.7648. Rated Premium = ROUND(AgreedValue/100 × BaseRate × Territory × Softening ÷ Gross-Up, 2); ties to artifact premium within $0.01 (generator rounding).
A4: Submitted Date | B4: Submission ID | C4: State | D4: Vehicle | E4: Rating Class | F4: Agreed Value | G4: Base Rate /100 | H4: Territory Factor | I4: Softening Index | J4: Gross-Up Divisor | K4: Rated Premium (calc) | L4: Premium — Artifact | M4: Δ | N4: Disposition | O4: Premium Kind
A5: 2026-06-01 | B5: d1cee6a1-99e6-5cbd-9587-cad10dec996c | C5: NH | D5: 1999 Singer 911 Reimagined | E5: 11 Restomod/Coachbuilt | F5: 915000 | G5: 0.78 | H5: 1.04 | I5: 0.7648 | J5: 0.53 | K5: =ROUND(F5/100*G5*H5*I5/J5,2) | L5: 10710.78 | M5: =L5-K5 | N5: refer | O5: indicative
A6: 2026-06-12 | B6: 8af62ae1-579a-5433-89f3-03947f1d1bda | C6: MT | D6: 2010 Aston Martin DB5 | E6: 07 Post-War Classic (1946-1972) | F6: 610000 | G6: 0.43 | H6: 0.93 | I6: 0.7648 | J6: 0.53 | K6: =ROUND(F6/100*G6*H6*I6/J6,2) | L6: 3520.08 | M6: =L6-K6 | N6: decline | O6: indicative
A7: 2026-06-14 | B7: 891908bf-256a-5073-87f3-8f21234da1a4 | C7: TX | D7: 1985 McLaren 750S | E7: 03 Supercar | F7: 1425000 | G7: 0.8 | H7: 1.15 | I7: 0.7648 | J7: 0.53 | K7: =ROUND(F7/100*G7*H7*I7/J7,2) | L7: 18917.98 | M7: =L7-K7 | N7: bind | O7: bound
A8: 2026-06-28 | B8: b8e330e1-39b4-5270-9efb-df9b1cac8281 | C8: OR | D8: 1955 Mercedes-Benz AMG GT | E8: 01 Luxury Sedan/SUV | F8: 550000 | G8: 0.65 | H8: 1.13 | I8: 0.7648 | J8: 0.53 | K8: =ROUND(F8/100*G8*H8*I8/J8,2) | L8: 5829.44 | M8: =L8-K8 | N8: bind | O8: bound
A9: 2026-06-14 | B9: 56893a83-af95-5acd-8655-83141c90cea3 | C9: SD | D9: 1976 Bentley Continental GT | E9: 01 Luxury Sedan/SUV | F9: 635000 | G9: 0.65 | H9: 1.11 | I9: 0.7648 | J9: 0.53 | K9: =ROUND(F9/100*G9*H9*I9/J9,2) | L9: 6611.23 | M9: =L9-K9 | N9: bind | O9: bound
A10: 2026-06-18 | B10: 3ce4e638-2bee-579f-8830-45e2cf77d0b7 | C10: NC | D10: 1970 Ferrari 296 GTB | E10: 03 Supercar | F10: 435000 | G10: 1.15 | H10: 1.15 | I10: 0.7648 | J10: 0.53 | K10: =ROUND(F10/100*G10*H10*I10/J10,2) | L10: 8301.51 | M10: =L10-K10 | N10: bind | O10: bound
A11: 2026-06-17 | B11: 7478e2ce-6a41-55f0-81d2-aeae04036cc4 | C11: FL | D11: 1985 Ferrari 296 GTB | E11: 03 Supercar | F11: 1650000 | G11: 0.8 | H11: 1.42 | I11: 0.7648 | J11: 0.53 | K11: =ROUND(F11/100*G11*H11*I11/J11,2) | L11: 27047.95 | M11: =L11-K11 | N11: decline | O11: indicative
A12: 2026-06-29 | B12: 20ffdcd4-8529-54b9-96c1-e228911f4d92 | C12: OK | D12: 1996 Maserati GranTurismo | E12: 01 Luxury Sedan/SUV | F12: 585000 | G12: 0.65 | H12: 1.26 | I12: 0.7648 | J12: 0.53 | K12: =ROUND(F12/100*G12*H12*I12/J12,2) | L12: 6913.72 | M12: =L12-K12 | N12: decline | O12: indicative
A13: 2026-06-30 | B13: 6f732944-db8a-5d51-b306-dec06859dd75 | C13: ND | D13: 2012 Aston Martin DB12 | E13: 01 Luxury Sedan/SUV | F13: 595000 | G13: 0.65 | H13: 1.02 | I13: 0.7648 | J13: 0.53 | K13: =ROUND(F13/100*G13*H13*I13/J13,2) | L13: 5692.49 | M13: =L13-K13 | N13: decline | O13: indicative
A14: 2026-06-10 | B14: 6a001b8e-9dec-58ca-bde3-4e3da7e93ae6 | C14: AZ | D14: 1962 Aston Martin DB5 | E14: 07 Post-War Classic (1946-1972) | F14: 880000 | G14: 0.43 | H14: 1.01 | I14: 0.7648 | J14: 0.53 | K14: =ROUND(F14/100*G14*H14*I14/J14,2) | L14: 5514.99 | M14: =L14-K14 | N14: bind | O14: bound
A15: 2026-06-18 | B15: 1f8ddcbe-dd49-5523-9b0d-f42eadb5d1f3 | C15: NV | D15: 2016 Ferrari 296 GTB | E15: 03 Supercar | F15: 1250000 | G15: 0.8 | H15: 1.17 | I15: 0.7648 | J15: 0.53 | K15: =ROUND(F15/100*G15*H15*I15/J15,2) | L15: 16883.32 | M15: =L15-K15 | N15: bind | O15: bound
A16: 2026-06-02 | B16: 6ad287da-331a-5279-b6fe-de976a0aceea | C16: TX | D16: 1975 Bentley Continental GT | E16: 01 Luxury Sedan/SUV | F16: 590000 | G16: 0.65 | H16: 1.15 | I16: 0.7648 | J16: 0.53 | K16: =ROUND(F16/100*G16*H16*I16/J16,2) | L16: 6364.08 | M16: =L16-K16 | N16: decline | O16: indicative
... A911: 2026-06-07 | B911: 04d1cb1d-d6d5-56e1-adab-eb635e6ab41b | C911: MS | D911: 1979 Ringbrothers Mustang | E911: 11 Restomod/Coachbuilt | F911: 1020000 | G911: 0.68 | H911: 1.19 | I911: 0.7648 | J911: 0.53 | K911: =ROUND(F911/100*G911*H911*I911/J911,2) | L911: 11910.44 | M911: =L911-K911 | N911: bind | O911: bound
A913: Rated submissions | C913: =COUNTA(B5:B911)
A914: Bound count | C914: =COUNTIF(O5:O911,"bound")
A915: Avg premium — all rated | C915: =AVERAGE(L5:L911)
A916: Avg premium — BOUND only | C916: =AVERAGEIF(O5:O911,"bound",L5:L911)
A917: GWP bound (month) | C917: =SUMIF(O5:O911,"bound",L5:L911)
A918: Softening index (month) | C918: 0.7648

Sheet 2026-07
A1: Monthly Rater — 2026-07 (Month 12 of 12)
A2: Softening index 0.7610. Rated Premium = ROUND(AgreedValue/100 × BaseRate × Territory × Softening ÷ Gross-Up, 2); ties to artifact premium within $0.01 (generator rounding).
A4: Submitted Date | B4: Submission ID | C4: State | D4: Vehicle | E4: Rating Class | F4: Agreed Value | G4: Base Rate /100 | H4: Territory Factor | I4: Softening Index | J4: Gross-Up Divisor | K4: Rated Premium (calc) | L4: Premium — Artifact | M4: Δ | N4: Disposition | O4: Premium Kind
A5: 2026-07-25 | B5: 28e44598-5eef-56e1-be15-2f9704fabd75 | C5: NM | D5: 2023 Porsche 911 Turbo S | E5: 01 Luxury Sedan/SUV | F5: 765000 | G5: 0.65 | H5: 1.28 | I5: 0.761 | J5: 0.53 | K5: =ROUND(F5/100*G5*H5*I5/J5,2) | L5: 9138.89 | M5: =L5-K5 | N5: bind | O5: bound
A6: 2026-07-07 | B6: 8a7a1126-f22a-5bb6-83ce-d598e0c9498f | C6: NC | D6: 1975 Singer 911 Reimagined | E6: 11 Restomod/Coachbuilt | F6: 580000 | G6: 0.78 | H6: 1.15 | I6: 0.761 | J6: 0.53 | K6: =ROUND(F6/100*G6*H6*I6/J6,2) | L6: 7470.15 | M6: =L6-K6 | N6: refer | O6: indicative
A7: 2026-07-12 | B7: 612803c6-052d-5cfb-a519-196c0a1d5ac9 | C7: KY | D7: 1964 BMW M8 Competition | E7: 01 Luxury Sedan/SUV | F7: 105000 | G7: 0.92 | H7: 1.34 | I7: 0.761 | J7: 0.53 | K7: =ROUND(F7/100*G7*H7*I7/J7,2) | L7: 1858.62 | M7: =L7-K7 | N7: decline | O7: indicative
A8: 2026-07-03 | B8: b31fc9da-d692-58af-adf6-57bb409a323f | C8: OH | D8: 1955 Ringbrothers Mustang | E8: 11 Restomod/Coachbuilt | F8: 690000 | G8: 0.78 | H8: 1.39 | I8: 0.761 | J8: 0.53 | K8: =ROUND(F8/100*G8*H8*I8/J8,2) | L8: 10741.56 | M8: =L8-K8 | N8: decline | O8: indicative
A9: 2026-07-11 | B9: 43c780d0-56ee-5af5-853a-da7a718108c6 | C9: MS | D9: 2008 Aston Martin DB12 | E9: 01 Luxury Sedan/SUV | F9: 680000 | G9: 0.65 | H9: 1.19 | I9: 0.761 | J9: 0.53 | K9: =ROUND(F9/100*G9*H9*I9/J9,2) | L9: 7552.28 | M9: =L9-K9 | N9: decline | O9: indicative
A10: 2026-07-05 | B10: c920ec11-c0b9-5b5c-a762-927031a12a4f | C10: NJ | D10: 1963 Mercedes-Benz AMG GT | E10: 01 Luxury Sedan/SUV | F10: 600000 | G10: 0.65 | H10: 0.91 | I10: 0.761 | J10: 0.53 | K10: =ROUND(F10/100*G10*H10*I10/J10,2) | L10: 5095.83 | M10: =L10-K10 | N10: refer | O10: indicative
A11: 2026-07-10 | B11: 557e88a8-a362-584b-b7b0-fc40bd274572 | C11: IN | D11: 1960 Bugatti Type 57 | E11: 06 Vintage Pre-War (pre-1946) | F11: 975000 | G11: 0.38 | H11: 1.23 | I11: 0.761 | J11: 0.53 | K11: =ROUND(F11/100*G11*H11*I11/J11,2) | L11: 6543.38 | M11: =L11-K11 | N11: refer | O11: indicative
A12: 2026-07-11 | B12: 3e4f8ef7-0ee4-5df5-b6c0-0a17e1c7cdfb | C12: HI | D12: 1978 Lamborghini Huracan EVO | E12: 03 Supercar | F12: 830000 | G12: 0.95 | H12: 1.3 | I12: 0.761 | J12: 0.53 | K12: =ROUND(F12/100*G12*H12*I12/J12,2) | L12: 14718.17 | M12: =L12-K12 | N12: bind | O12: bound
A13: 2026-07-29 | B13: f7eefa00-61d2-5d40-8d39-86cdd1f0b57b | C13: NY | D13: 1999 Ferrari 296 GTB | E13: 03 Supercar | F13: 855000 | G13: 0.95 | H13: 1.28 | I13: 0.761 | J13: 0.53 | K13: =ROUND(F13/100*G13*H13*I13/J13,2) | L13: 14928.23 | M13: =L13-K13 | N13: bind | O13: bound
A14: 2026-07-09 | B14: 696c23a9-3189-569a-8837-c88652bcf5e9 | C14: KY | D14: 2015 Ringbrothers Mustang | E14: 11 Restomod/Coachbuilt | F14: 735000 | G14: 0.78 | H14: 1.34 | I14: 0.761 | J14: 0.53 | K14: =ROUND(F14/100*G14*H14*I14/J14,2) | L14: 11030.5 | M14: =L14-K14 | N14: bind | O14: bound
A15: 2026-07-29 | B15: ed1fefa3-58b2-5cc2-9717-39e3d4c2982b | C15: IL | D15: 2023 Bentley Continental GT | E15: 01 Luxury Sedan/SUV | F15: 185000 | G15: 0.92 | H15: 1.36 | I15: 0.761 | J15: 0.53 | K15: =ROUND(F15/100*G15*H15*I15/J15,2) | L15: 3323.59 | M15: =L15-K15 | N15: decline | O15: indicative
A16: 2026-07-08 | B16: 95279b96-b15f-585d-a296-3d0e3b9f8d37 | C16: MS | D16: 2013 Maserati GranTurismo | E16: 01 Luxury Sedan/SUV | F16: 740000 | G16: 0.65 | H16: 1.19 | I16: 0.761 | J16: 0.53 | K16: =ROUND(F16/100*G16*H16*I16/J16,2) | L16: 8218.66 | M16: =L16-K16 | N16: bind | O16: bound
... A779: 2026-07-19 | B779: ac7a8ff4-1058-50a5-be0e-b05ab5efb564 | C779: WV | D779: 1961 BMW M8 Competition | E779: 01 Luxury Sedan/SUV | F779: 415000 | G779: 0.75 | H779: 1.33 | I779: 0.761 | J779: 0.53 | K779: =ROUND(F779/100*G779*H779*I779/J779,2) | L779: 5943.87 | M779: =L779-K779 | N779: bind | O779: bound
A781: Rated submissions | C781: =COUNTA(B5:B779)
A782: Bound count | C782: =COUNTIF(O5:O779,"bound")
A783: Avg premium — all rated | C783: =AVERAGE(L5:L779)
A784: Avg premium — BOUND only | C784: =AVERAGEIF(O5:O779,"bound",L5:L779)
A785: GWP bound (month) | C785: =SUMIF(O5:O779,"bound",L5:L779)
A786: Softening index (month) | C786: 0.761
