Workbook

Sheet README
A1: 04 · Claims BDX
A2: Source: canonical_dataset.json (ADR 0043), sha256 0a3d67e8774e8cd1… — verified against canonical_manifest.json. All figures derive read-only from that frozen artifact; no new numbers generated. Styling follows the MGA Program Master conventions (Arial; navy title banners; blue section headers; semantic tab colours; 1-dp percentages).
A8: Register | C8: 392 policy-period claims on bound policies, by date of loss.
A9: Loss span | C9: 2025-08-25 → 2027-06-25 (extends past the 12 submission months).
A10: Total incurred | C10: $31,881,964.07
A11: Loss ratio | C11: 0.5600 (incurred ÷ GWP) — PC band 10%
A12: Status values | C12: Artifact uses closed/open (closed = settled/paid); shown as-is.

Sheet Loss Ratio
A1: Loss Ratio Reconciliation
A2: Incurred ÷ Bound premium, bound book only. Under the 0.60 PC hurdle → bonus pays at the 10% band.
A4: Metric | B4: Formula / value | C4: Artifact
A5: Total incurred losses | B5: ='Claims Register'!H397
A6: Bound GWP (artifact) | C6: 56932079
A7: Loss Ratio (incurred ÷ GWP) | B7: ='Claims Register'!H397/56932078.7
A8: Target loss ratio | C8: 0.56
A9: Artifact loss_ratio | C9: 0.56
A10: Profit-commission band | C10: 0.1
A11: Claim count | B11: =COUNTA('Claims Register'!A5:A396) | C11: 392
A12: Claims referencing non-bound policy | B12: 0

Sheet Claims Register
A1: Claims BDX — Policy-Period Claims Register
A2: Continuous register, by date of loss. Claims on bound policies only. Losses span beyond the 12 submission months (late binds carry losses into the next year); reported by date of loss.
A4: Claim ID | B4: Policy Number | C4: Insured | D4: State | E4: Policy ID | F4: Date of Loss | G4: Loss Month | H4: Incurred (Paid+Reserves) | I4: Status
A5: 098cfef7-9905-52e7-a754-b908ebcaf164 | B5: CANON-202508-000428 | C5: Callum Whitlock | D5: AR | E5: 73bf63d3-be33-5c4a-a37a-679d9b512761 | F5: 2025-08-25 | G5: 2025-08 | H5: 5683.28 | I5: closed
A6: 483e2173-d8f6-530a-9bcc-8ad67f4ee045 | B6: CANON-202508-000044 | C6: Ingrid Fairweather | D6: UT | E6: 700a84dc-6a02-5584-a3c4-c4a4dc2f9e70 | F6: 2025-09-03 | G6: 2025-09 | H6: 11365.5 | I6: closed
A7: 9c969591-a157-5a24-97c0-c8f1bccb82fb | B7: CANON-202509-000717 | C7: Everett Pennington | D7: HI | E7: 5c34fdc6-7e70-5c1b-8f3c-8a94906e1430 | F7: 2025-09-19 | G7: 2025-09 | H7: 6520.09 | I7: closed
A8: 9b975f07-eba7-5171-acc2-7fc5fe025c7f | B8: CANON-202509-001073 | C8: Ottilie Kingsford | D8: GA | E8: ad099721-b38f-5eaf-b4ad-ec7eb5620497 | F8: 2025-10-06 | G8: 2025-10 | H8: 924193.6 | I8: closed
A9: 7bf7c326-6b9e-5e90-8b06-15124f590445 | B9: CANON-202508-000548 | C9: Anouk Nakashima | D9: GA | E9: 0fff1a25-7e27-5211-b35c-06d6161dcb7a | F9: 2025-10-21 | G9: 2025-10 | H9: 30309.7 | I9: open
A10: f64cafcc-41bc-53f1-b7c8-9af4f59870ab | B10: CANON-202508-000480 | C10: Anouk Merriweather | D10: NV | E10: 5756f356-85c7-5b9b-aca3-8f3e39b0e080 | F10: 2025-10-24 | G10: 2025-10 | H10: 33563.31 | I10: closed
A11: 2756d547-6b36-5131-b7a9-febe252612c1 | B11: CANON-202509-000908 | C11: Anouk Harrington | D11: PA | E11: 73021779-9ec5-5f23-9b1b-aa106ec058ba | F11: 2025-10-24 | G11: 2025-10 | H11: 31196.09 | I11: closed
A12: 82a3b4c4-402d-5ca5-bee4-7116384ae6a8 | B12: CANON-202509-000960 | C12: Everett Larsson | D12: FL | E12: 89fe466a-f25c-547d-924b-ad180532d125 | F12: 2025-11-15 | G12: 2025-11 | H12: 35714.86 | I12: closed
A13: 824c686b-5831-5b41-8c1a-f53ea55ec264 | B13: CANON-202511-001736 | C13: Beatrix Delacroix | D13: NE | E13: 601feb08-d95b-5eab-b202-b94a6a476a98 | F13: 2025-12-02 | G13: 2025-12 | H13: 31270.88 | I13: closed
A14: ca99128b-935f-5424-989c-ca5edb625a1c | B14: CANON-202510-001288 | C14: Fitzgerald Underwood | D14: HI | E14: 63b684e1-d8cf-5e99-ad1e-fdbcfb6110e1 | F14: 2025-12-04 | G14: 2025-12 | H14: 34192.82 | I14: open
A15: 6435757d-2ea6-5bf6-85a2-1e5c342d20d4 | B15: CANON-202509-000862 | C15: Delphine Blackwood | D15: NH | E15: 879b6437-4a9c-5d70-8790-05bd80df05ec | F15: 2025-12-07 | G15: 2025-12 | H15: 10925.03 | I15: open
A16: 0bb85bd4-0283-5236-a617-9e8641eb832c | B16: CANON-202511-001886 | C16: Noor Blackwood | D16: CT | E16: 084934d1-fdf6-50d6-b48a-09d3d138a7de | F16: 2025-12-08 | G16: 2025-12 | H16: 29191.33 | I16: closed
... A396: a3b670ce-1fae-5274-938f-7d5077f49336 | B396: CANON-202607-008184 | C396: Ramona Delacroix | D396: MI | E396: ec36bc4c-06c3-550e-95b4-7f0899bbebd2 | F396: 2027-06-25 | G396: 2027-06 | H396: 23142.3 | I396: closed
A397: TOTAL INCURRED | H397: =SUM(H5:H396)

Sheet By Loss Month
A1: Claims by Loss Month
A2: Count and incurred per loss month (SUMIF/COUNTIF over the register), with running cumulative.
A4: Loss Month | B4: Claim Count | C4: Incurred | D4: Cumulative Incurred
A5: 2025-08 | B5: =COUNTIF('Claims Register'!$G$5:$G$396,"2025-08") | C5: =SUMIF('Claims Register'!$G$5:$G$396,"2025-08",'Claims Register'!$H$5:$H$396) | D5: =SUM($C$5:C5)
A6: 2025-09 | B6: =COUNTIF('Claims Register'!$G$5:$G$396,"2025-09") | C6: =SUMIF('Claims Register'!$G$5:$G$396,"2025-09",'Claims Register'!$H$5:$H$396) | D6: =SUM($C$5:C6)
A7: 2025-10 | B7: =COUNTIF('Claims Register'!$G$5:$G$396,"2025-10") | C7: =SUMIF('Claims Register'!$G$5:$G$396,"2025-10",'Claims Register'!$H$5:$H$396) | D7: =SUM($C$5:C7)
A8: 2025-11 | B8: =COUNTIF('Claims Register'!$G$5:$G$396,"2025-11") | C8: =SUMIF('Claims Register'!$G$5:$G$396,"2025-11",'Claims Register'!$H$5:$H$396) | D8: =SUM($C$5:C8)
A9: 2025-12 | B9: =COUNTIF('Claims Register'!$G$5:$G$396,"2025-12") | C9: =SUMIF('Claims Register'!$G$5:$G$396,"2025-12",'Claims Register'!$H$5:$H$396) | D9: =SUM($C$5:C9)
A10: 2026-01 | B10: =COUNTIF('Claims Register'!$G$5:$G$396,"2026-01") | C10: =SUMIF('Claims Register'!$G$5:$G$396,"2026-01",'Claims Register'!$H$5:$H$396) | D10: =SUM($C$5:C10)
A11: 2026-02 | B11: =COUNTIF('Claims Register'!$G$5:$G$396,"2026-02") | C11: =SUMIF('Claims Register'!$G$5:$G$396,"2026-02",'Claims Register'!$H$5:$H$396) | D11: =SUM($C$5:C11)
A12: 2026-03 | B12: =COUNTIF('Claims Register'!$G$5:$G$396,"2026-03") | C12: =SUMIF('Claims Register'!$G$5:$G$396,"2026-03",'Claims Register'!$H$5:$H$396) | D12: =SUM($C$5:C12)
A13: 2026-04 | B13: =COUNTIF('Claims Register'!$G$5:$G$396,"2026-04") | C13: =SUMIF('Claims Register'!$G$5:$G$396,"2026-04",'Claims Register'!$H$5:$H$396) | D13: =SUM($C$5:C13)
A14: 2026-05 | B14: =COUNTIF('Claims Register'!$G$5:$G$396,"2026-05") | C14: =SUMIF('Claims Register'!$G$5:$G$396,"2026-05",'Claims Register'!$H$5:$H$396) | D14: =SUM($C$5:C14)
A15: 2026-06 | B15: =COUNTIF('Claims Register'!$G$5:$G$396,"2026-06") | C15: =SUMIF('Claims Register'!$G$5:$G$396,"2026-06",'Claims Register'!$H$5:$H$396) | D15: =SUM($C$5:C15)
A16: 2026-07 | B16: =COUNTIF('Claims Register'!$G$5:$G$396,"2026-07") | C16: =SUMIF('Claims Register'!$G$5:$G$396,"2026-07",'Claims Register'!$H$5:$H$396) | D16: =SUM($C$5:C16)
A17: 2026-08 | B17: =COUNTIF('Claims Register'!$G$5:$G$396,"2026-08") | C17: =SUMIF('Claims Register'!$G$5:$G$396,"2026-08",'Claims Register'!$H$5:$H$396) | D17: =SUM($C$5:C17)
A18: 2026-09 | B18: =COUNTIF('Claims Register'!$G$5:$G$396,"2026-09") | C18: =SUMIF('Claims Register'!$G$5:$G$396,"2026-09",'Claims Register'!$H$5:$H$396) | D18: =SUM($C$5:C18)
A19: 2026-10 | B19: =COUNTIF('Claims Register'!$G$5:$G$396,"2026-10") | C19: =SUMIF('Claims Register'!$G$5:$G$396,"2026-10",'Claims Register'!$H$5:$H$396) | D19: =SUM($C$5:C19)
A20: 2026-11 | B20: =COUNTIF('Claims Register'!$G$5:$G$396,"2026-11") | C20: =SUMIF('Claims Register'!$G$5:$G$396,"2026-11",'Claims Register'!$H$5:$H$396) | D20: =SUM($C$5:C20)
A21: 2026-12 | B21: =COUNTIF('Claims Register'!$G$5:$G$396,"2026-12") | C21: =SUMIF('Claims Register'!$G$5:$G$396,"2026-12",'Claims Register'!$H$5:$H$396) | D21: =SUM($C$5:C21)
A22: 2027-01 | B22: =COUNTIF('Claims Register'!$G$5:$G$396,"2027-01") | C22: =SUMIF('Claims Register'!$G$5:$G$396,"2027-01",'Claims Register'!$H$5:$H$396) | D22: =SUM($C$5:C22)
A23: 2027-02 | B23: =COUNTIF('Claims Register'!$G$5:$G$396,"2027-02") | C23: =SUMIF('Claims Register'!$G$5:$G$396,"2027-02",'Claims Register'!$H$5:$H$396) | D23: =SUM($C$5:C23)
A24: 2027-03 | B24: =COUNTIF('Claims Register'!$G$5:$G$396,"2027-03") | C24: =SUMIF('Claims Register'!$G$5:$G$396,"2027-03",'Claims Register'!$H$5:$H$396) | D24: =SUM($C$5:C24)
A25: 2027-04 | B25: =COUNTIF('Claims Register'!$G$5:$G$396,"2027-04") | C25: =SUMIF('Claims Register'!$G$5:$G$396,"2027-04",'Claims Register'!$H$5:$H$396) | D25: =SUM($C$5:C25)
A26: 2027-05 | B26: =COUNTIF('Claims Register'!$G$5:$G$396,"2027-05") | C26: =SUMIF('Claims Register'!$G$5:$G$396,"2027-05",'Claims Register'!$H$5:$H$396) | D26: =SUM($C$5:C26)
A27: 2027-06 | B27: =COUNTIF('Claims Register'!$G$5:$G$396,"2027-06") | C27: =SUMIF('Claims Register'!$G$5:$G$396,"2027-06",'Claims Register'!$H$5:$H$396) | D27: =SUM($C$5:C27)
A28: TOTAL | B28: =SUM(B5:B27) | C28: =SUM(C5:C27)
