Workbook

Sheet README
A1: Underwriting BDX — 2026-03
A2: Source: canonical_dataset.json (ADR 0043), sha256 0a3d67e8774e8cd1… — verified against canonical_manifest.json. All figures derive read-only from that frozen artifact; no new numbers generated. Styling follows the MGA Program Master conventions (Arial; navy title banners; blue section headers; semantic tab colours; 1-dp percentages).
A8: Scope | C8: Bound business only (584 policies incepting 2026-03).
A9: Gross written premium | C9: $5,156,741.06
A10: Commission stack | C10: 12.5% Broker + 12.5% MGA (Torque) + 75% to capacity (7.5% ×10 syndicates).
A11: Verifies against | C11: rater_sample_2026-03.xlsx (its GWP == that policy's Bordereau row).

Sheet Bordereau
A1: Underwriting Bordereau — 2026-03 (Bound business only)
A2: One row per bound policy incepting this month. Premium bordereau convention: declines and referrals never appear. Figures read-only from the frozen artifact.
A4: Certificate/Policy Ref | B4: Named Insured | C4: Effective Date | D4: Expiry Date | E4: Vehicle Year | F4: Make | G4: Model | H4: VIN | I4: Vehicle Class | J4: Agreed Value (USD) | K4: Garaging State | L4: Gross Written Premium | M4: Broker Commission 12.5% | N4: MGA (Torque) Commission 12.5% | O4: Net to Capacity 75% | P4: Beazley | Q4: Hiscox | R4: Chaucer | S4: Ark | T4: Brit | U4: Canopius | V4: Apollo | W4: Antares | X4: MS Amlin | Y4: Ascot | Z4: Policy Fee | AA4: Inspection Fee | AB4: Total Fees
A5: CANON-202603-004456 | B5: Ottilie Merriweather | C5: 2026-03-12 | D5: 2027-03-12 | E5: 2010 | F5: Ferrari | G5: SF90 Stradale | H5: XHSTS6RF28Z2LNHRS | I5: 03 - Supercar | J5: 560000 | K5: Maryland | L5: 8074 | M5: 1009.25 | N5: 1009.25 | O5: 6055.5 | P5: 605.55 | Q5: 605.55 | R5: 605.55 | S5: 605.55 | T5: 605.55 | U5: 605.55 | V5: 605.55 | W5: 605.55 | X5: 605.55 | Y5: 605.55 | Z5: 350 | AA5: 0 | AB5: 350
A6: CANON-202603-004457 | B6: Mireille Bellandi | C6: 2026-03-28 | D6: 2027-03-28 | E6: 2019 | F6: Porsche | G6: 911 Turbo S | H6: DK86SR9SCSUKJM5K4 | I6: 02 - Sports / GT | J6: 375000 | K6: Alabama | L6: 5706.24 | M6: 713.28 | N6: 713.28 | O6: 4279.7 | P6: 427.97 | Q6: 427.97 | R6: 427.97 | S6: 427.97 | T6: 427.97 | U6: 427.97 | V6: 427.97 | W6: 427.97 | X6: 427.97 | Y6: 427.97 | Z6: 350 | AA6: 0 | AB6: 350
A7: CANON-202603-004459 | B7: Thaddeus Bellandi | C7: 2026-03-18 | D7: 2027-03-18 | E7: 2004 | F7: Mercedes-Benz | G7: AMG GT | H7: 53PK9FW98WHAN3B5V | I7: 02 - Sports / GT | J7: 1260000 | K7: Indiana | L7: 13617.33 | M7: 1702.17 | N7: 1702.17 | O7: 10213 | P7: 1021.3 | Q7: 1021.3 | R7: 1021.3 | S7: 1021.3 | T7: 1021.3 | U7: 1021.3 | V7: 1021.3 | W7: 1021.3 | X7: 1021.3 | Y7: 1021.3 | Z7: 350 | AA7: 250 | AB7: 600
A8: CANON-202603-004460 | B8: Fenwick Ashcombe | C8: 2026-03-01 | D8: 2027-03-01 | E8: 1961 | F8: Porsche | G8: 911 Turbo S | H8: UVD0VJJY4YUKK7WY5 | I8: 02 - Sports / GT | J8: 575000 | K8: Pennsylvania | L8: 5970.84 | M8: 746.36 | N8: 746.36 | O8: 4478.1 | P8: 447.81 | Q8: 447.81 | R8: 447.81 | S8: 447.81 | T8: 447.81 | U8: 447.81 | V8: 447.81 | W8: 447.81 | X8: 447.81 | Y8: 447.81 | Z8: 350 | AA8: 0 | AB8: 350
A9: CANON-202603-004464 | B9: Marisol Okonkwo | C9: 2026-03-03 | D9: 2027-03-03 | E9: 1996 | F9: Ferrari | G9: 275 GTB/4 | H9: T58YHZ8W77PT3S0A1 | I9: 07 - Post-War Classic (1946-1972) | J9: 695000 | K9: Maryland | L9: 4535.56 | M9: 566.95 | N9: 566.95 | O9: 3401.7 | P9: 340.17 | Q9: 340.17 | R9: 340.17 | S9: 340.17 | T9: 340.17 | U9: 340.17 | V9: 340.17 | W9: 340.17 | X9: 340.17 | Y9: 340.17 | Z9: 350 | AA9: 0 | AB9: 350
A10: CANON-202603-004466 | B10: Cassius Vandermeer | C10: 2026-03-15 | D10: 2027-03-15 | E10: 1976 | F10: BMW | G10: M8 Competition | H10: Y2NVT4E7KJ3JV6N95 | I10: 02 - Sports / GT | J10: 1280000 | K10: California | L10: 15183.09 | M10: 1897.89 | N10: 1897.89 | O10: 11387.3 | P10: 1138.73 | Q10: 1138.73 | R10: 1138.73 | S10: 1138.73 | T10: 1138.73 | U10: 1138.73 | V10: 1138.73 | W10: 1138.73 | X10: 1138.73 | Y10: 1138.73 | Z10: 350 | AA10: 250 | AB10: 600
A11: CANON-202603-004468 | B11: Callum Okonkwo | C11: 2026-03-18 | D11: 2027-03-18 | E11: 2009 | F11: Porsche | G11: 911 Turbo S | H11: HDVDN2A34149W2TTP | I11: 02 - Sports / GT | J11: 365000 | K11: New York | L11: 5597.8 | M11: 699.73 | N11: 699.73 | O11: 4198.3 | P11: 419.83 | Q11: 419.83 | R11: 419.83 | S11: 419.83 | T11: 419.83 | U11: 419.83 | V11: 419.83 | W11: 419.83 | X11: 419.83 | Y11: 419.83 | Z11: 350 | AA11: 0 | AB11: 350
A12: CANON-202603-004469 | B12: Marisol Farkas | C12: 2026-03-04 | D12: 2027-03-04 | E12: 1992 | F12: Lamborghini | G12: Huracan EVO | H12: TX6ZF639ZMS2EWFKR | I12: 03 - Supercar | J12: 1125000 | K12: Delaware | L12: 17972.41 | M12: 2246.55 | N12: 2246.55 | O12: 13479.3 | P12: 1347.93 | Q12: 1347.93 | R12: 1347.93 | S12: 1347.93 | T12: 1347.93 | U12: 1347.93 | V12: 1347.93 | W12: 1347.93 | X12: 1347.93 | Y12: 1347.93 | Z12: 350 | AA12: 250 | AB12: 600
A13: CANON-202603-004470 | B13: Ottilie Fairweather | C13: 2026-03-21 | D13: 2027-03-21 | E13: 2022 | F13: Ferrari | G13: SF90 Stradale | H13: T7RCC0R45Z7YP74G1 | I13: 03 - Supercar | J13: 495000 | K13: New Hampshire | L13: 9457.8 | M13: 1182.22 | N13: 1182.22 | O13: 7093.3 | P13: 709.33 | Q13: 709.33 | R13: 709.33 | S13: 709.33 | T13: 709.33 | U13: 709.33 | V13: 709.33 | W13: 709.33 | X13: 709.33 | Y13: 709.33 | Z13: 350 | AA13: 0 | AB13: 350
A14: CANON-202603-004471 | B14: Priya Montoya | C14: 2026-03-01 | D14: 2027-03-01 | E14: 1989 | F14: Bentley | G14: 4.5 Litre | H14: 3NHVB9PJGPV97Z7KY | I14: 06 - Vintage Pre-War (pre-1946) | J14: 1010000 | K14: Tennessee | L14: 5376.26 | M14: 672.03 | N14: 672.03 | O14: 4032.2 | P14: 403.22 | Q14: 403.22 | R14: 403.22 | S14: 403.22 | T14: 403.22 | U14: 403.22 | V14: 403.22 | W14: 403.22 | X14: 403.22 | Y14: 403.22 | Z14: 350 | AA14: 250 | AB14: 600
A15: CANON-202603-004472 | B15: Aurelio Chattopadhyay | C15: 2026-03-22 | D15: 2027-03-22 | E15: 1970 | F15: Ringbrothers | G15: Mustang | H15: AZGSDYBY6LTJ4MVSG | I15: 11 - Restomod / Coachbuilt / Bespoke | J15: 505000 | K15: New York | L15: 8054.71 | M15: 1006.84 | N15: 1006.84 | O15: 6041 | P15: 604.1 | Q15: 604.1 | R15: 604.1 | S15: 604.1 | T15: 604.1 | U15: 604.1 | V15: 604.1 | W15: 604.1 | X15: 604.1 | Y15: 604.1 | Z15: 350 | AA15: 0 | AB15: 350
A16: CANON-202603-004473 | B16: Saoirse Ashcombe | C16: 2026-03-22 | D16: 2027-03-22 | E16: 2017 | F16: Maserati | G16: GranTurismo | H16: TLWSN12F7DV6UY5N5 | I16: 02 - Sports / GT | J16: 385000 | K16: Illinois | L16: 6273.56 | M16: 784.2 | N16: 784.2 | O16: 4705.2 | P16: 470.52 | Q16: 470.52 | R16: 470.52 | S16: 470.52 | T16: 470.52 | U16: 470.52 | V16: 470.52 | W16: 470.52 | X16: 470.52 | Y16: 470.52 | Z16: 350 | AA16: 0 | AB16: 350
... A588: CANON-202603-005255 | B588: Horace Rourke | C588: 2026-03-05 | D588: 2027-03-05 | E588: 1959 | F588: Ferrari | G588: 275 GTB/4 | H588: XB0BU0E701YKVPAXA | I588: 07 - Post-War Classic (1946-1972) | J588: 650000 | K588: Colorado | L588: 4911.66 | M588: 613.96 | N588: 613.96 | O588: 3683.7 | P588: 368.37 | Q588: 368.37 | R588: 368.37 | S588: 368.37 | T588: 368.37 | U588: 368.37 | V588: 368.37 | W588: 368.37 | X588: 368.37 | Y588: 368.37 | Z588: 350 | AA588: 0 | AB588: 350
A589: TOTAL | J589: =SUM(J5:J588) -> 400925000 | L589: =SUM(L5:L588) -> 5156741.1 | M589: =SUM(M5:M588) -> 644592.64 | N589: =SUM(N5:N588) -> 644592.64 | O589: =SUM(O5:O588) -> 3867556.8 | P589: =SUM(P5:P588) -> 386755.68 | Q589: =SUM(Q5:Q588) -> 386755.68 | R589: =SUM(R5:R588) -> 386755.68 | S589: =SUM(S5:S588) -> 386755.68 | ... AB589: =SUM(AB5:AB588) -> 230900
A590: Commission (Broker + Torque + Σ10 syndicates) | L590: =M589+N589+SUM(P589:Y589) -> 5156742.1
A591: Commission rounding adjustment | L591: =ROUND(L589-(M589+N589+SUM(P589:Y589)),2) -> -1.02
A592: Footed commission (Broker+Torque+Σ10+adj) == GWP | L592: =M589+N589+SUM(P589:Y589)+L591 -> 5156741.1

Sheet Reconciliation
A1: Bordereau Reconciliation — 2026-03
A2: Bordereau totals tie to monthly_aggregates and foot to GWP.
A4: Metric | B4: Bordereau total (live) | C4: Artifact (monthly_aggregates)
A5: Bound policy count | B5: =COUNTA(Bordereau!A5:A588) -> 584 | C5: 584
A6: Gross written premium | B6: =SUM(Bordereau!L5:L588) -> 5156741.1 | C6: 5156741.1
A7: Average bound premium | B7: =B6/B5 -> 8830.0361 | C7: 8830.04
A8: Broker commission 12.5% | B8: =SUM(Bordereau!M5:M588) -> 644592.64
A9: MGA (Torque) commission 12.5% | B9: =SUM(Bordereau!N5:N588) -> 644592.64
A10: Net to capacity 75% | B10: =SUM(Bordereau!O5:O588) -> 3867556.8
A11: Beazley (7.5%) | B11: =SUM(Bordereau!P5:P588) -> 386755.68
A12: Hiscox (7.5%) | B12: =SUM(Bordereau!Q5:Q588) -> 386755.68
A13: Chaucer (7.5%) | B13: =SUM(Bordereau!R5:R588) -> 386755.68
A14: Ark (7.5%) | B14: =SUM(Bordereau!S5:S588) -> 386755.68
A15: Brit (7.5%) | B15: =SUM(Bordereau!T5:T588) -> 386755.68
A16: Canopius (7.5%) | B16: =SUM(Bordereau!U5:U588) -> 386755.68
A17: Apollo (7.5%) | B17: =SUM(Bordereau!V5:V588) -> 386755.68
A18: Antares (7.5%) | B18: =SUM(Bordereau!W5:W588) -> 386755.68
A19: MS Amlin (7.5%) | B19: =SUM(Bordereau!X5:X588) -> 386755.68
A20: Ascot (7.5%) | B20: =SUM(Bordereau!Y5:Y588) -> 386755.68
A21: Policy fee income | B21: =SUM(Bordereau!Z5:Z588) -> 204400
A22: Inspection fee income | B22: =SUM(Bordereau!AA5:AA588) -> 26500
A23: Total fee income | B23: =SUM(Bordereau!AB5:AB588) -> 230900
A24: Foot: Broker + Torque + Net-to-capacity | B24: =B8+B9+B10 -> 5156742.1
A25: Commission rounding adjustment | B25: =ROUND(B6-(B8+B9+B10),2) -> -1.02
A26: Footed commission (Broker+Torque+Net+adj) == GWP | B26: =B24+B25 -> 5156741.1
