Workbook

Sheet README
A1: Submission Data Workbook — Full Funnel (all submissions)
A2: Source: canonical_dataset.json (ADR 0045), sha256 faa3c9b7f4d50478... — verified against canonical_manifest.json. All rows derive read-only from that frozen artifact; no new numbers generated. Styling follows the MGA Program Master conventions (Arial; navy title banners; blue section headers; semantic tab colours; 1-dp percentages).
A8: Source artifact | C8: sample-data/canonical/canonical_dataset.json
A9: Verified sha256 | C9: faa3c9b7f4d50478223133535cb16904b63533f656f3a522176ef0d756814095
A10: Manifest ADR | C10: 0045
A11: Generated (report date) | C11: 2026-08-30 01:07
A12: Read-only note | C12: Rendered read-only from the frozen canonical artifact; no DB, no re-rating.
A14: WHAT IS INCLUDED
A15: Population | C15: EVERY submission across the full 12-month timeline — one row each.
C16: Superset of the 12 monthly BDX (which are the bound-only subset).
A17: Total submissions | C17: 10,500
A18: Bound | C18: 7,655
A19: Declined | C19: 2,056
A20: Referred | C20: 789
A22: DISPOSITION DEFINITIONS
A23: Bound | C23: Application bound to a policy; carries policy number, effective date and GWP.
A24: Declined | C24: Application declined at underwriting (all: 3+ at-fault claims / 5 yrs). No policy.
A25: Referred | C25: Referred to an underwriter (prior non-renewal, large/multi claims, theft/total). No policy.
A27: COLUMN / FIELD NOTES
A28: Policy / Submission Ref | C28: Bound rows: policy_number (CANON-YYYYMM-######). Non-bound: submission_id (UUID),
C29: as the artifact holds no policy number for non-bound submissions.
A30: Submission Month | C30: Calendar month of submitted_at (== month_index label; ties to monthly_aggregates).
A31: Effective Date | C31: policy.effective_date — BOUND rows only; blank for non-bound (no policy).
A32: Vehicle Class | C32: vehicle_category -> Base Rates 'NN - Name' label (display only; does not drive premium).
A33: Indicative / Base Premium | C33: quote.base_premium — present for ALL submissions (the indicative technical premium).
A34: Gross Written Premium | C34: policy.bound_premium — BOUND rows only; BLANK (not 0) for non-bound.
A35: Decline / Referral Reason | C35: loss_run.pattern -> claims-history label; populated for declined/referred only.
A36: Garaging State | C36: garaging_state expanded to full state name.
A38: RECONCILIATION
A39: Bound count | C39: 7,655 (== summary.binds)
A40: Sum GWP bound | C40: $71,301,212.64 (== summary.gwp_bound == sum of the 12 BDX)

Sheet Submissions
A1: Submissions — Full Funnel (bound + declined + referred)
A2: One row per submission, all 12 months. Read-only from canonical_dataset.json (sha256 faa3c9b7f4d50478...). GWP is blank for non-bound rows.
A3: Policy / Submission Ref | B3: Submission Month | C3: Effective Date | D3: Disposition | E3: Named Insured | F3: Vehicle Year | G3: Make | H3: Model | I3: VIN | J3: Vehicle Class | K3: Agreed Value | L3: Garaging State | M3: Indicative / Base Premium | N3: Gross Written Premium | O3: Decline / Referral Reason
A4: 0209dcee-1aeb-5d41-8483-a7fbe8bb228f | B4: 2025-08 | D4: Declined | E4: Emiliano Larsson | F4: 1990 | G4: Lamborghini | H4: Huracan EVO | I4: 0FMJSXZ5U9JZV4G52 | J4: 03 - Supercar | K4: 670000 | L4: New York | M4: 15372.08 | O4: 3 + at-fault claims - 5 yrs
A5: 022e5d96-b7b9-557a-ab6f-6486a3159bcf | B5: 2025-08 | D5: Declined | E5: Thaddeus Harrington | F5: 1964 | G5: Bentley | H5: Continental GT | I5: GWJ99G3W358VCSXL2 | J5: 02 - Sports / GT | K5: 605000 | L5: Washington | M5: 7123.02 | O5: 3 + at-fault claims - 5 yrs
A6: 039e0ea1-44cf-5cac-9c79-c6e7e4482200 | B6: 2025-08 | D6: Declined | E6: Callum Kingsford | F6: 1965 | G6: Ferrari | H6: 275 GTB/4 | I6: ZZJ01UZUTXB7PY7J0 | J6: 07 - Post-War Classic (1946-1972) | K6: 325000 | L6: Florida | M6: 4179.62 | O6: 3 + at-fault claims - 5 yrs
A7: 03cfbd8e-04c1-5cd6-b935-fd5bb1aa6180 | B7: 2025-08 | D7: Declined | E7: Lorenzo Bellandi | F7: 2014 | G7: Ferrari | H7: 296 GTB | I7: TBG77XXHLPNA9ZCXF | J7: 03 - Supercar | K7: 1440000 | L7: Delaware | M7: 27169.81 | O7: 3 + at-fault claims - 5 yrs
A8: 04af9c0a-37da-5979-a76d-b4aefa4866b9 | B8: 2025-08 | D8: Declined | E8: Desmond Thistlewood | F8: 1973 | G8: Ringbrothers | H8: Mustang | I8: D2EXE4KUT9DHF2EVY | J8: 11 - Restomod / Coachbuilt / Bespoke | K8: 1110000 | L8: Minnesota | M8: 18798.79 | O8: 3 + at-fault claims - 5 yrs
A9: 062631de-bde4-5f97-82cc-7614dbf409a7 | B9: 2025-08 | D9: Declined | E9: Thaddeus Thistlewood | F9: 1955 | G9: Bentley | H9: Continental GT | I9: 48EGH6ZRWL215Z7XL | J9: 02 - Sports / GT | K9: 190000 | L9: Nebraska | M9: 4287.55 | O9: 3 + at-fault claims - 5 yrs
A10: 06406892-e99b-5a78-b4da-08f31a0bde06 | B10: 2025-08 | D10: Declined | E10: Anouk Whitlock | F10: 2015 | G10: Jaguar | H10: E-Type Series 1 | I10: KPR4VCD0YMWRNCMS3 | J10: 07 - Post-War Classic (1946-1972) | K10: 1230000 | L10: Michigan | M10: 13669.25 | O10: 3 + at-fault claims - 5 yrs
A11: 06d2d4f5-583d-5802-96b2-0bac5d867ad5 | B11: 2025-08 | D11: Referred | E11: Horace Farkas | F11: 1970 | G11: Jaguar | H11: E-Type Series 1 | I11: TH9CNKCBTS36YSPNK | J11: 07 - Post-War Classic (1946-1972) | K11: 770000 | L11: Minnesota | M11: 8246.26 | O11: 1 at-fault claim over $100k
A12: 080fff76-0832-5a68-aa90-243b016faaed | B12: 2025-08 | D12: Declined | E12: Callum Rourke | F12: 1969 | G12: Mercedes-Benz | H12: AMG GT | I12: UMMN806U88UK4PS5V | J12: 02 - Sports / GT | K12: 1540000 | L12: North Carolina | M12: 18378.3 | O12: 3 + at-fault claims - 5 yrs
A13: 0928084a-2f6e-520b-bf31-66db066cf608 | B13: 2025-08 | D13: Declined | E13: Thaddeus Vasquez | F13: 2021 | G13: Bentley | H13: Continental GT | I13: 7JY3717ZKLVU0URG1 | J13: 02 - Sports / GT | K13: 440000 | L13: Pennsylvania | M13: 6226.42 | O13: 3 + at-fault claims - 5 yrs
A14: 098beeaf-6177-5d28-9eb6-a126e8778286 | B14: 2025-08 | D14: Referred | E14: Desmond Thistlewood | F14: 2016 | G14: Ferrari | H14: 275 GTB/4 | I14: 82BSYHFFBLCGVBUL8 | J14: 07 - Post-War Classic (1946-1972) | K14: 915000 | L14: Washington | M14: 7126.64 | O14: Prior carrier non-renewal / cancellation
A15: 09d08907-4ab6-5a48-a68d-ec10085f1051 | B15: 2025-08 | D15: Declined | E15: Beatrix Underwood | F15: 2015 | G15: Maserati | H15: GranTurismo | I15: SRDCJX0J25VA1M46Y | J15: 02 - Sports / GT | K15: 265000 | L15: Georgia | M15: 4200 | O15: 3 + at-fault claims - 5 yrs
... A126: 9dff0b74-d913-5149-a345-2127f90b385d | B126: 2025-08 | D126: Declined | E126: Noor Blackwood | F126: 1986 | G126: Mercedes-Benz | H126: AMG GT | I126: 646WJLYT5YDGHUTKM | J126: 02 - Sports / GT | K126: 410000 | L126: New York | M126: 7426.42 | O126: 3 + at-fault claims - 5 yrs
A127: CANON-202508-000003 | B127: 2025-08 | C127: 45889 | D127: Bound | E127: Everett Delacroix | F127: 1984 | G127: Porsche | H127: 911 Turbo S | I127: H7E6FX0TRJ83PRTRW | J127: 02 - Sports / GT | K127: 190000 | L127: Kansas | M127: 3199.17 | N127: 3199.17
A128: CANON-202508-000004 | B128: 2025-08 | C128: 45885 | D128: Bound | E128: Desmond Underwood | F128: 1957 | G128: Ferrari | H128: 296 GTB | I128: 6NCW36EALANFZMAC9 | J128: 03 - Supercar | K128: 570000 | L128: Nevada | M128: 11953.87 | N128: 11953.87
A129: CANON-202508-000008 | B129: 2025-08 | C129: 45879 | D129: Bound | E129: Callum Rourke | F129: 1998 | G129: Ferrari | H129: 296 GTB | I129: HA9H172MS7HR73NDT | J129: 03 - Supercar | K129: 750000 | L129: Alabama | M129: 17073.11 | N129: 17073.11
A130: CANON-202508-000009 | B130: 2025-08 | C130: 45870 | D130: Bound | E130: Ottilie Vandermeer | F130: 2020 | G130: Ferrari | H130: 296 GTB | I130: M4PU85LNXR94D371W | J130: 03 - Supercar | K130: 605000 | L130: New Mexico | M130: 13880.75 | N130: 13880.75
A131: CANON-202508-000011 | B131: 2025-08 | C131: 45874 | D131: Bound | E131: Desmond Thistlewood | F131: 2004 | G131: Ferrari | H131: 296 GTB | I131: YX2B9J4X9TVWAE128 | J131: 03 - Supercar | K131: 1950000 | L131: Ohio | M131: 40913.21 | N131: 40913.21
A132: CANON-202508-000012 | B132: 2025-08 | C132: 45899 | D132: Bound | E132: Callum Thistlewood | F132: 2022 | G132: Maserati | H132: GranTurismo | I132: 1Y7NEJZ5550ZB203F | J132: 02 - Sports / GT | K132: 1415000 | L132: California | M132: 19823.35 | N132: 19823.35
A133: CANON-202508-000013 | B133: 2025-08 | C133: 45884 | D133: Bound | E133: Leopold Fairweather | F133: 1959 | G133: Aston Martin | H133: DB12 | I133: JL6LW9DCRZLFC8NWH | J133: 02 - Sports / GT | K133: 380000 | L133: New York | M133: 6883.02 | N133: 6883.02
A134: CANON-202508-000014 | B134: 2025-08 | C134: 45876 | D134: Bound | E134: Callum Montoya | F134: 1960 | G134: Ferrari | H134: 296 GTB | I134: 2H4D2CA7CMSBJA924 | J134: 03 - Supercar | K134: 1565000 | L134: Nevada | M134: 27638.49 | N134: 27638.49
A135: CANON-202508-000018 | B135: 2025-08 | C135: 45884 | D135: Bound | E135: Sunniva Blackwood | F135: 1999 | G135: Mercedes-Benz | H135: AMG GT | I135: FBX60A7UBL8LLV0SF | J135: 02 - Sports / GT | K135: 520000 | L135: Illinois | M135: 8673.21 | N135: 8673.21
A136: CANON-202508-000020 | B136: 2025-08 | C136: 45884 | D136: Bound | E136: Anouk Bellandi | F136: 2000 | G136: McLaren | H136: 750S | I136: 1SN1N49RJX4KMEA92 | J136: 03 - Supercar | K136: 1085000 | L136: North Carolina | M136: 18833.96 | N136: 18833.96
A137: CANON-202508-000021 | B137: 2025-08 | C137: 45896 | D137: Bound | E137: Beatrix Castellanos | F137: 1962 | G137: McLaren | H137: 750S | I137: VK1RJACR57CWNKWBP | J137: 03 - Supercar | K137: 360000 | L137: Alabama | M137: 9920.38 | N137: 9920.38
A138: CANON-202508-000023 | B138: 2025-08 | C138: 45882 | D138: Bound | E138: Thaddeus Chattopadhyay | F138: 1975 | G138: Mercedes-Benz | H138: AMG GT | I138: 9D17BP4D2T0DXC4D4 | J138: 02 - Sports / GT | K138: 495000 | L138: Delaware | M138: 8755.9 | N138: 8755.9
... A632: CANON-202508-000703 | B632: 2025-08 | C632: 45877 | D632: Bound | E632: Mireille Chattopadhyay | F632: 2021 | G632: Aston Martin | H632: DB12 | I632: 7XLR1Z4ZKXMMWMK2D | J632: 02 - Sports / GT | K632: 315000 | L632: Tennessee | M632: 4368.4 | N632: 4368.4
A633: a144440e-e492-5304-9a12-8912ab24228f | B633: 2025-08 | D633: Referred | E633: Lorenzo Fairweather | F633: 1998 | G633: Aston Martin | H633: DB5 | I633: 9RBY53HFYT0T4PNUT | J633: 07 - Post-War Classic (1946-1972) | K633: 935000 | L633: New Jersey | M633: 6903.12 | O633: 1 theft / total loss claim
A634: a2e072dc-2f6c-5fff-8749-6546b6e74393 | B634: 2025-08 | D634: Declined | E634: Sunniva Fairweather | F634: 2004 | G634: BMW | H634: M8 Competition | I634: D8SEV2JE16ZFC7VA3 | J634: 02 - Sports / GT | K634: 940000 | L634: Nebraska | M634: 14986.79 | O634: 3 + at-fault claims - 5 yrs
A635: a4bbcf9a-f11c-54e3-af4c-b40802131152 | B635: 2025-08 | D635: Declined | E635: Emiliano Harrington | F635: 2017 | G635: Bentley | H635: Continental GT | I635: LH3NRH3UJM4E3ADAE | J635: 02 - Sports / GT | K635: 740000 | L635: California | M635: 12251.89 | O635: 3 + at-fault claims - 5 yrs
A636: a5e19bea-5bca-55a9-9a12-2ad805270ca6 | B636: 2025-08 | D636: Referred | E636: Ottilie Harrington | F636: 1975 | G636: Aston Martin | H636: DB12 | I636: A4SJK7R0N43SXHMR0 | J636: 02 - Sports / GT | K636: 795000 | L636: Massachusetts | M636: 12187.5 | O636: 1 at-fault claim over $100k
A637: a62bbfa7-7367-5a01-804d-2f3cda290ba3 | B637: 2025-08 | D637: Declined | E637: Thaddeus Farkas | F637: 1971 | G637: Mercedes-Benz | H637: AMG GT | I637: RCH6P9N6AZ044VZU5 | J637: 02 - Sports / GT | K637: 1325000 | L637: Ohio | M637: 19112.5 | O637: 3 + at-fault claims - 5 yrs
A638: a70818ad-9bf5-54f9-8a40-7d4ce3b35a91 | B638: 2025-08 | D638: Referred | E638: Ingrid Okonkwo | F638: 1959 | G638: Aston Martin | H638: DB12 | I638: VDDDB824PUMHTXG3N | J638: 02 - Sports / GT | K638: 1190000 | L638: Arkansas | M638: 17041.7 | O638: 1 theft / total loss claim
A639: ac0376af-7ad6-5a3b-8df0-47039fc37b72 | B639: 2025-08 | D639: Declined | E639: Priya Fairweather | F639: 1993 | G639: Aston Martin | H639: DB5 | I639: S62P92JJ1HM0GRU4U | J639: 07 - Post-War Classic (1946-1972) | K639: 600000 | L639: Michigan | M639: 7545.28 | O639: 3 + at-fault claims - 5 yrs
A640: acc18e3d-5394-5016-bbc9-f8d390041e8e | B640: 2025-08 | D640: Declined | E640: Ingrid Rourke | F640: 1973 | G640: Porsche | H640: 911 Turbo S | I640: YJHTCWKPX8C7DASL5 | J640: 02 - Sports / GT | K640: 895000 | L640: California | M640: 14818.16 | O640: 3 + at-fault claims - 5 yrs
A641: acd62f01-73e9-558b-811e-af8a2b93793b | B641: 2025-08 | D641: Declined | E641: Noor Bellandi | F641: 2007 | G641: Porsche | H641: 911 Turbo S | I641: EVSMT9K71HE02AD3D | J641: 02 - Sports / GT | K641: 555000 | L641: Colorado | M641: 7487.26 | O641: 3 + at-fault claims - 5 yrs
A642: afd119ce-28ce-5216-af8c-c293c05b503d | B642: 2025-08 | D642: Referred | E642: Wilhelmina Nakashima | F642: 1966 | G642: Ferrari | H642: 296 GTB | I642: MZZPAVX8EUC03S4UP | J642: 03 - Supercar | K642: 600000 | L642: Nevada | M642: 12583.02 | O642: Prior carrier non-renewal / cancellation
A643: b0a249e7-5051-5889-88b2-36828a63c6f1 | B643: 2025-08 | D643: Declined | E643: Cassius Underwood | F643: 2017 | G643: Jaguar | H643: E-Type Series 1 | I643: UNXF98WLUMRRYU3YC | J643: 07 - Post-War Classic (1946-1972) | K643: 255000 | L643: New Jersey | M643: 2101.58 | O643: 3 + at-fault claims - 5 yrs
A644: b0b0143e-9b75-5746-a33d-0498d8f7e931 | B644: 2025-08 | D644: Declined | E644: Fenwick Chattopadhyay | F644: 2002 | G644: Bentley | H644: Continental GT | I644: VP0EK62FKD77023LH | J644: 02 - Sports / GT | K644: 245000 | L644: Idaho | M644: 4210.3 | O644: 3 + at-fault claims - 5 yrs
... A816: 9f5c623e-aae5-5893-8f66-57d7ff098f18 | B816: 2025-09 | D816: Declined | E816: Leopold Merriweather | F816: 1978 | G816: Bugatti | H816: Type 57 | I816: 4A1CDH9FXT6K1DECP | J816: 06 - Vintage Pre-War (pre-1946) | K816: 975000 | L816: Tennessee | M816: 6850.75 | O816: 3 + at-fault claims - 5 yrs
A817: CANON-202509-000704 | B817: 2025-09 | C817: 45927 | D817: Bound | E817: Aurelio Vasquez | F817: 1991 | G817: Aston Martin | H817: DB12 | I817: TWMM9N87W7TE05VWT | J817: 02 - Sports / GT | K817: 475000 | L817: California | M817: 9074.29 | N817: 8703.15
A818: CANON-202509-000706 | B818: 2025-09 | C818: 45923 | D818: Bound | E818: Thaddeus Vasquez | F818: 1998 | G818: Lamborghini | H818: Huracan EVO | I818: 5LDA5TNU1JB5ZZKVR | J818: 03 - Supercar | K818: 815000 | L818: Alaska | M818: 16653.68 | N818: 15972.54
A819: CANON-202509-000707 | B819: 2025-09 | C819: 45926 | D819: Bound | E819: Callum Farkas | F819: 1955 | G819: Mercedes-Benz | H819: 280SL Pagoda | I819: HTN5HVEHBWY4AMA17 | J819: 07 - Post-War Classic (1946-1972) | K819: 660000 | L819: Illinois | M819: 7282.42 | N819: 6984.57
A820: CANON-202509-000708 | B820: 2025-09 | C820: 45929 | D820: Bound | E820: Wilhelmina Pennington | F820: 2018 | G820: Mercedes-Benz | H820: AMG GT | I820: WVJNESFC0TSCFG3W9 | J820: 02 - Sports / GT | K820: 985000 | L820: Maine | M820: 13046.6 | N820: 12512.99
A821: CANON-202509-000710 | B821: 2025-09 | C821: 45910 | D821: Bound | E821: Cassius Pennington | F821: 1962 | G821: Ferrari | H821: 296 GTB | I821: EEJ2NE71N3P47G76V | J821: 03 - Supercar | K821: 785000 | L821: California | M821: 18995.52 | N821: 18218.6
A822: CANON-202509-000711 | B822: 2025-09 | C822: 45916 | D822: Bound | E822: Emiliano Harrington | F822: 1994 | G822: Aston Martin | H822: DB12 | I822: 3CWEF4WJDC9YRY9SD | J822: 02 - Sports / GT | K822: 925000 | L822: Michigan | M822: 17583.73 | N822: 16864.56
A823: CANON-202509-000713 | B823: 2025-09 | C823: 45917 | D823: Bound | E823: Fenwick Vasquez | F823: 1989 | G823: Porsche | H823: 911 Turbo S | I823: TR7RNPDAUEV08SHK1 | J823: 02 - Sports / GT | K823: 460000 | L823: Washington | M823: 6249.06 | N823: 5993.47
A824: CANON-202509-000714 | B824: 2025-09 | C824: 45924 | D824: Bound | E824: Anouk Blackwood | F824: 2004 | G824: Ringbrothers | H824: Mustang | I824: N7MUZFMCTGKTBBXJ5 | J824: 11 - Restomod / Coachbuilt / Bespoke | K824: 445000 | L824: Colorado | M824: 8127.55 | N824: 7795.13
A825: CANON-202509-000715 | B825: 2025-09 | C825: 45908 | D825: Bound | E825: Fitzgerald Okonkwo | F825: 2018 | G825: Mercedes-Benz | H825: AMG GT | I825: UUZZGXABSAJN7S0SS | J825: 02 - Sports / GT | K825: 560000 | L825: Oklahoma | M825: 8653.58 | N825: 8299.65
A826: CANON-202509-000716 | B826: 2025-09 | C826: 45923 | D826: Bound | E826: Wilhelmina Chattopadhyay | F826: 2005 | G826: Ringbrothers | H826: Mustang | I826: MREGLKRZVGPWPLYCS | J826: 11 - Restomod / Coachbuilt / Bespoke | K826: 840000 | L826: Nebraska | M826: 16070.94 | N826: 15413.64
A827: CANON-202509-000717 | B827: 2025-09 | C827: 45910 | D827: Bound | E827: Everett Pennington | F827: 1969 | G827: Maserati | H827: GranTurismo | I827: SL38WSKYS7LJZBAT2 | J827: 02 - Sports / GT | K827: 775000 | L827: Hawaii | M827: 12356.13 | N827: 11850.76
A828: CANON-202509-000718 | B828: 2025-09 | C828: 45919 | D828: Bound | E828: Fenwick Bellandi | F828: 1987 | G828: Maserati | H828: GranTurismo | I828: R5XNT126GK43HJ5RJ | J828: 02 - Sports / GT | K828: 545000 | L828: Minnesota | M828: 8822.83 | N828: 8461.98
... A1293: CANON-202509-001361 | B1293: 2025-09 | C1293: 45928 | D1293: Bound | E1293: Lorenzo Farkas | F1293: 2007 | G1293: Maserati | H1293: GranTurismo | I1293: 43EHD4M1D38638RR1 | J1293: 02 - Sports / GT | K1293: 375000 | L1293: Michigan | M1293: 8225.24 | N1293: 7888.83
A1294: a2fae407-ba9c-5278-b037-d33f7c7b3c0f | B1294: 2025-09 | D1294: Declined | E1294: Leopold Bellandi | F1294: 2021 | G1294: Aston Martin | H1294: DB12 | I1294: S6KL6R8XVA3017RYJ | J1294: 02 - Sports / GT | K1294: 325000 | L1294: Ohio | M1294: 6392.69 | O1294: 3 + at-fault claims - 5 yrs
A1295: a309e4ee-9b02-54ca-8586-690efadc9e11 | B1295: 2025-09 | D1295: Referred | E1295: Emiliano Castellanos | F1295: 1998 | G1295: Aston Martin | H1295: DB5 | I1295: P6C3MUA5Z1A7UAVGM | J1295: 07 - Post-War Classic (1946-1972) | K1295: 1520000 | L1295: Ohio | M1295: 15148.38 | O1295: 2 at-fault claims - 5 yrs
A1296: a32c5ffc-69bd-5419-8f70-5363ebd0478f | B1296: 2025-09 | D1296: Referred | E1296: Emiliano Okonkwo | F1296: 2011 | G1296: Mercedes-Benz | H1296: 280SL Pagoda | I1296: U6K9UEEHKDFNW56N7 | J1296: 07 - Post-War Classic (1946-1972) | K1296: 945000 | L1296: South Dakota | M1296: 8510.35 | O1296: Prior carrier non-renewal / cancellation
A1297: a32c78e9-48f7-50fb-811f-1ff76ace9727 | B1297: 2025-09 | D1297: Declined | E1297: Wilhelmina Pennington | F1297: 1963 | G1297: Jaguar | H1297: E-Type Series 1 | I1297: 7T1P7FM09JGRU940V | J1297: 07 - Post-War Classic (1946-1972) | K1297: 545000 | L1297: Missouri | M1297: 4687 | O1297: 3 + at-fault claims - 5 yrs
A1298: a3f893e2-8394-56fe-99e9-419993c9c5af | B1298: 2025-09 | D1298: Referred | E1298: Emiliano Vandermeer | F1298: 2005 | G1298: Bentley | H1298: Continental GT | I1298: N5WS9JL16FPCT5335 | J1298: 02 - Sports / GT | K1298: 380000 | L1298: Kansas | M1298: 5216.04 | O1298: 1 at-fault claim over $100k
A1299: a3fba5a0-e17a-5553-88ce-51ff0951b34c | B1299: 2025-09 | D1299: Declined | E1299: Leopold Delacroix | F1299: 1999 | G1299: McLaren | H1299: 750S | I1299: LS6ZBKA7CDF3S190M | J1299: 03 - Supercar | K1299: 685000 | L1299: Delaware | M1299: 15347.88 | O1299: 3 + at-fault claims - 5 yrs
A1300: a5a84cb6-5903-51cd-8a98-b6873545b1f0 | B1300: 2025-09 | D1300: Declined | E1300: Saoirse Bellandi | F1300: 2023 | G1300: Aston Martin | H1300: DB5 | I1300: A3ALA8JDAH3SMK9JB | J1300: 07 - Post-War Classic (1946-1972) | K1300: 135000 | L1300: California | M1300: 1960.05 | O1300: 3 + at-fault claims - 5 yrs
A1301: a88c69bf-8586-5bb2-8f60-500d974c3523 | B1301: 2025-09 | D1301: Declined | E1301: Delphine Whitlock | F1301: 2002 | G1301: Singer | H1301: 911 Reimagined | I1301: PSM3512YNAXG48HD7 | J1301: 11 - Restomod / Coachbuilt / Bespoke | K1301: 625000 | L1301: Rhode Island | M1301: 12601.42 | O1301: 3 + at-fault claims - 5 yrs
A1302: aa908820-6651-5867-9f68-11c014e876dc | B1302: 2025-09 | D1302: Declined | E1302: Leopold Merriweather | F1302: 2020 | G1302: Singer | H1302: 911 Reimagined | I1302: EUFFML5PG07L9U25H | J1302: 11 - Restomod / Coachbuilt / Bespoke | K1302: 665000 | L1302: Wyoming | M1302: 10471.87 | O1302: 3 + at-fault claims - 5 yrs
A1303: ab0f9d23-87a7-5251-91b4-fa86f6f08371 | B1303: 2025-09 | D1303: Declined | E1303: Beatrix Pennington | F1303: 2013 | G1303: Aston Martin | H1303: DB5 | I1303: ELG72FRS2VTWSUCAC | J1303: 07 - Post-War Classic (1946-1972) | K1303: 385000 | L1303: Ohio | M1303: 4846.64 | O1303: 3 + at-fault claims - 5 yrs
A1304: ac6936c5-63fa-5d86-9f7a-453cec5b1700 | B1304: 2025-09 | D1304: Declined | E1304: Mireille Castellanos | F1304: 2015 | G1304: Porsche | H1304: 911 Turbo S | I1304: 3Z04J1RDALNRG1K3X | J1304: 02 - Sports / GT | K1304: 650000 | L1304: South Dakota | M1304: 8848.58 | O1304: 3 + at-fault claims - 5 yrs
A1305: acf9e540-43e8-5e04-95fe-db29082c1d46 | B1305: 2025-09 | D1305: Declined | E1305: Callum Rourke | F1305: 1990 | G1305: Bentley | H1305: Continental GT | I1305: 286LWL9UPFHHFP9AB | J1305: 02 - Sports / GT | K1305: 445000 | L1305: New York | M1305: 8060.38 | O1305: 3 + at-fault claims - 5 yrs
... A1497: 9ed865d2-3474-5468-88f0-5d378e8080ca | B1497: 2025-10 | D1497: Declined | E1497: Anouk Okonkwo | F1497: 1984 | G1497: Aston Martin | H1497: DB12 | I1497: 0W86YDAP0ZN7KANK5 | J1497: 02 - Sports / GT | K1497: 405000 | L1497: Nevada | M1497: 6705.42 | O1497: 3 + at-fault claims - 5 yrs
A1498: CANON-202510-001363 | B1498: 2025-10 | C1498: 45940 | D1498: Bound | E1498: Ingrid Okonkwo | F1498: 1997 | G1498: Aston Martin | H1498: DB5 | I1498: 8EY23DR7GNW256Y9R | J1498: 07 - Post-War Classic (1946-1972) | K1498: 865000 | L1498: Wyoming | M1498: 7509.18 | N1498: 7277.15
A1499: CANON-202510-001365 | B1499: 2025-10 | C1499: 45956 | D1499: Bound | E1499: Marisol Nakashima | F1499: 1970 | G1499: Maserati | H1499: GranTurismo | I1499: 3X4JBEV9SUCKAJ0H4 | J1499: 02 - Sports / GT | K1499: 265000 | L1499: Pennsylvania | M1499: 3750 | N1499: 3634.12
A1500: CANON-202510-001366 | B1500: 2025-10 | C1500: 45956 | D1500: Bound | E1500: Lorenzo Harrington | F1500: 1978 | G1500: McLaren | H1500: 750S | I1500: JFB2K6KWK4WRLCXF9 | J1500: 03 - Supercar | K1500: 665000 | L1500: Massachusetts | M1500: 14899.76 | N1500: 14439.36
A1501: CANON-202510-001367 | B1501: 2025-10 | C1501: 45957 | D1501: Bound | E1501: Anouk Farkas | F1501: 1989 | G1501: BMW | H1501: M8 Competition | I1501: CJVRUA1W7Y1BACM98 | J1501: 02 - Sports / GT | K1501: 725000 | L1501: Washington | M1501: 8535.85 | N1501: 8272.09
A1502: CANON-202510-001368 | B1502: 2025-10 | C1502: 45937 | D1502: Bound | E1502: Lorenzo Okonkwo | F1502: 2001 | G1502: Lamborghini | H1502: Huracan EVO | I1502: UL6R2X0KYJWNJ50RW | J1502: 03 - Supercar | K1502: 560000 | L1502: Massachusetts | M1502: 12547.17 | N1502: 12159.46
A1503: CANON-202510-001369 | B1503: 2025-10 | C1503: 45960 | D1503: Bound | E1503: Aurelio Fairweather | F1503: 2001 | G1503: BMW | H1503: M8 Competition | I1503: 2A4SB5XDWDDHHGNP9 | J1503: 02 - Sports / GT | K1503: 595000 | L1503: Nebraska | M1503: 9486.32 | N1503: 9193.19
A1504: CANON-202510-001371 | B1504: 2025-10 | C1504: 45948 | D1504: Bound | E1504: Everett Chattopadhyay | F1504: 2008 | G1504: Ferrari | H1504: SF90 Stradale | I1504: DHE73XPKZ3VZHYBUN | J1504: 03 - Supercar | K1504: 1700000 | L1504: Wyoming | M1504: 27456.6 | N1504: 26608.19
A1505: CANON-202510-001372 | B1505: 2025-10 | C1505: 45938 | D1505: Bound | E1505: Wilhelmina Harrington | F1505: 2007 | G1505: Mercedes-Benz | H1505: 280SL Pagoda | I1505: K9WS503PHGUWFXB13 | J1505: 07 - Post-War Classic (1946-1972) | K1505: 1520000 | L1505: New York | M1505: 13949.58 | N1505: 13518.54
A1506: CANON-202510-001373 | B1506: 2025-10 | C1506: 45954 | D1506: Bound | E1506: Delphine Chattopadhyay | F1506: 2003 | G1506: Mercedes-Benz | H1506: 280SL Pagoda | I1506: 3Y1H5GDRUJHYLFRJ5 | J1506: 07 - Post-War Classic (1946-1972) | K1506: 895000 | L1506: New York | M1506: 9294.49 | N1506: 9007.29
A1507: CANON-202510-001375 | B1507: 2025-10 | C1507: 45946 | D1507: Bound | E1507: Mireille Blackwood | F1507: 2021 | G1507: Aston Martin | H1507: DB5 | I1507: VT7LB4S4AANGCHPJH | J1507: 07 - Post-War Classic (1946-1972) | K1507: 240000 | L1507: West Virginia | M1507: 3432.91 | N1507: 3326.83
A1508: CANON-202510-001376 | B1508: 2025-10 | C1508: 45939 | D1508: Bound | E1508: Cassius Larsson | F1508: 1964 | G1508: Maserati | H1508: GranTurismo | I1508: 33HJXA2S70N35NXF3 | J1508: 02 - Sports / GT | K1508: 625000 | L1508: Illinois | M1508: 10424.53 | N1508: 10102.41
A1509: CANON-202510-001377 | B1509: 2025-10 | C1509: 45941 | D1509: Bound | E1509: Leopold Fairweather | F1509: 2011 | G1509: Aston Martin | H1509: DB12 | I1509: JSJKETSHZXMB0317J | J1509: 02 - Sports / GT | K1509: 565000 | L1509: Ohio | M1509: 9631.65 | N1509: 9334.03
... A2102: CANON-202510-002163 | B2102: 2025-10 | C2102: 45961 | D2102: Bound | E2102: Marisol Bellandi | F2102: 2013 | G2102: Porsche | H2102: 911 Turbo S | I2102: PBWJT1ZTBK3W7GCP7 | J2102: 02 - Sports / GT | K2102: 665000 | L2102: Montana | M2102: 7584.76 | N2102: 7350.39
A2103: a065df57-874e-5f0c-9782-73c139f24474 | B2103: 2025-10 | D2103: Declined | E2103: Emiliano Okonkwo | F2103: 1991 | G2103: Aston Martin | H2103: DB12 | I2103: FDF7YBULXSG5WWEPH | J2103: 02 - Sports / GT | K2103: 915000 | L2103: Illinois | M2103: 15261.51 | O2103: 3 + at-fault claims - 5 yrs
A2104: a0c1e882-5df6-5d56-b1e2-e184c040d758 | B2104: 2025-10 | D2104: Declined | E2104: Ottilie Montoya | F2104: 1982 | G2104: Maserati | H2104: GranTurismo | I2104: 5G30P2E4KCUBSX1CR | J2104: 02 - Sports / GT | K2104: 1320000 | L2104: North Dakota | M2104: 13972.08 | O2104: 3 + at-fault claims - 5 yrs
A2105: a819e888-5f24-5ee2-8cf6-5edc8e82753d | B2105: 2025-10 | D2105: Declined | E2105: Sunniva Pennington | F2105: 1972 | G2105: Ferrari | H2105: 275 GTB/4 | I2105: DKGKLGHPYLRSA46BA | J2105: 07 - Post-War Classic (1946-1972) | K2105: 730000 | L2105: North Carolina | M2105: 6811.04 | O2105: 3 + at-fault claims - 5 yrs
A2106: aa710862-6388-5bdb-ad49-88decd98d02b | B2106: 2025-10 | D2106: Referred | E2106: Sunniva Bellandi | F2106: 1975 | G2106: Maserati | H2106: GranTurismo | I2106: RK0HM4LG6ETNNN3M3 | J2106: 02 - Sports / GT | K2106: 545000 | L2106: New York | M2106: 8555.47 | O2106: 1 theft / total loss claim
A2107: aa967318-6506-52e7-b307-c344c9005739 | B2107: 2025-10 | D2107: Declined | E2107: Everett Okonkwo | F2107: 1986 | G2107: Bentley | H2107: Continental GT | I2107: TLY0LEF2J85BUXD1R | J2107: 02 - Sports / GT | K2107: 1260000 | L2107: West Virginia | M2107: 17390.38 | O2107: 3 + at-fault claims - 5 yrs
A2108: aaeac954-786f-573a-9f83-7260c092c6a6 | B2108: 2025-10 | D2108: Referred | E2108: Thaddeus Kingsford | F2108: 1986 | G2108: Jaguar | H2108: E-Type Series 1 | I2108: TX9D8NW01UWDKUL6N | J2108: 07 - Post-War Classic (1946-1972) | K2108: 365000 | L2108: Montana | M2108: 3074.26 | O2108: Prior carrier non-renewal / cancellation
A2109: acdd40b5-e746-59cb-a772-39ad9640ba54 | B2109: 2025-10 | D2109: Declined | E2109: Lorenzo Bellandi | F2109: 2008 | G2109: Maserati | H2109: GranTurismo | I2109: 75UVVAY1E63E676NG | J2109: 02 - Sports / GT | K2109: 340000 | L2109: California | M2109: 6495.28 | O2109: 3 + at-fault claims - 5 yrs
A2110: ae8b7ce2-f471-5e14-a59c-c73da9c84d33 | B2110: 2025-10 | D2110: Declined | E2110: Fitzgerald Ashcombe | F2110: 2006 | G2110: Porsche | H2110: 911 Turbo S | I2110: F2YBX0L6WY9R6HU7X | J2110: 02 - Sports / GT | K2110: 505000 | L2110: Texas | M2110: 7122.41 | O2110: 3 + at-fault claims - 5 yrs
A2111: b027e4ce-d41f-5add-80f5-109fb0a93937 | B2111: 2025-10 | D2111: Declined | E2111: Leopold Vandermeer | F2111: 2004 | G2111: BMW | H2111: M8 Competition | I2111: SF4TT1C9L7X00KZTU | J2111: 02 - Sports / GT | K2111: 475000 | L2111: Alabama | M2111: 8536.56 | O2111: 3 + at-fault claims - 5 yrs
A2112: b10c9ddc-0050-551f-a596-5d3d0199cae9 | B2112: 2025-10 | D2112: Referred | E2112: Ingrid Delacroix | F2112: 1979 | G2112: Ferrari | H2112: SF90 Stradale | I2112: P1LNS49VYTMU9L6XH | J2112: 03 - Supercar | K2112: 1950000 | L2112: Arizona | M2112: 29728.3 | O2112: Prior carrier non-renewal / cancellation
A2113: b13bcf10-79e8-53f8-9f85-6d3e59eb6e05 | B2113: 2025-10 | D2113: Declined | E2113: Marisol Merriweather | F2113: 1964 | G2113: Aston Martin | H2113: DB12 | I2113: H0VH0BVFZDGDA6J3N | J2113: 02 - Sports / GT | K2113: 1170000 | L2113: Alaska | M2113: 13841.32 | O2113: 3 + at-fault claims - 5 yrs
A2114: b1501f3a-0395-5508-a65c-88e5eba81060 | B2114: 2025-10 | D2114: Declined | E2114: Ottilie Chattopadhyay | F2114: 2017 | G2114: BMW | H2114: M8 Competition | I2114: JN7R0EZWKZC3SM9HP | J2114: 02 - Sports / GT | K2114: 405000 | L2114: Michigan | M2114: 8883.25 | O2114: 3 + at-fault claims - 5 yrs
... A2297: 9ec2b120-7c64-5bad-b106-14a518d9b31b | B2297: 2025-11 | D2297: Declined | E2297: Everett Larsson | F2297: 2001 | G2297: Ferrari | H2297: 275 GTB/4 | I2297: 1SSW38P6Z0Y1T775R | J2297: 07 - Post-War Classic (1946-1972) | K2297: 430000 | L2297: Tennessee | M2297: 3816.45 | O2297: 3 + at-fault claims - 5 yrs
A2298: CANON-202511-002166 | B2298: 2025-11 | C2298: 45982 | D2298: Bound | E2298: Ottilie Ashcombe | F2298: 1976 | G2298: Aston Martin | H2298: DB12 | I2298: H8PLZC9K6423FTSJV | J2298: 02 - Sports / GT | K2298: 690000 | L2298: Florida | M2298: 12016.42 | N2298: 11047.9
A2299: CANON-202511-002168 | B2299: 2025-11 | C2299: 45962 | D2299: Bound | E2299: Ingrid Nakashima | F2299: 2006 | G2299: BMW | H2299: M8 Competition | I2299: NDVLYVED756ZZ7WGW | J2299: 02 - Sports / GT | K2299: 285000 | L2299: Ohio | M2299: 5605.9 | N2299: 5154.06
A2300: CANON-202511-002169 | B2300: 2025-11 | C2300: 45977 | D2300: Bound | E2300: Horace Delacroix | F2300: 1995 | G2300: Bentley | H2300: Continental GT | I2300: HWDPC1U9TJT0EJUGY | J2300: 02 - Sports / GT | K2300: 385000 | L2300: West Virginia | M2300: 7245.99 | N2300: 6661.96
A2301: CANON-202511-002171 | B2301: 2025-11 | C2301: 45973 | D2301: Bound | E2301: Leopold Delacroix | F2301: 1964 | G2301: Aston Martin | H2301: DB5 | I2301: YK816H56L9M3M4DN5 | J2301: 07 - Post-War Classic (1946-1972) | K2301: 760000 | L2301: Minnesota | M2301: 8139.17 | N2301: 7483.15
A2302: CANON-202511-002173 | B2302: 2025-11 | C2302: 45978 | D2302: Bound | E2302: Lorenzo Rourke | F2302: 1997 | G2302: BMW | H2302: M8 Competition | I2302: LFS8NTB00JUKH0HNU | J2302: 02 - Sports / GT | K2302: 705000 | L2302: North Carolina | M2302: 9943.16 | N2302: 9141.74
A2303: CANON-202511-002176 | B2303: 2025-11 | C2303: 45978 | D2303: Bound | E2303: Fenwick Larsson | F2303: 2001 | G2303: Lamborghini | H2303: Huracan EVO | I2303: ARB439WEDNKPUAA7D | J2303: 03 - Supercar | K2303: 505000 | L2303: Maine | M2303: 9776.04 | N2303: 8988.09
...

Sheet Summary
A1: Summary — Reconciliation to the canonical artifact
A2: Totals computed with COUNTIFS/SUMIFS over the Submissions sheet (not hardcoded).
A4: Funnel totals
A5: Total submissions | B5: =COUNTA('Submissions'!$A$4:$A$10503)
A6: Bound | B6: =COUNTIF('Submissions'!$D$4:$D$10503,"Bound")
A7: Declined | B7: =COUNTIF('Submissions'!$D$4:$D$10503,"Declined")
A8: Referred | B8: =COUNTIF('Submissions'!$D$4:$D$10503,"Referred")
A9: Bind ratio (bound / total) | B9: =COUNTIF('Submissions'!$D$4:$D$10503,"Bound")/COUNTA('Submissions'!$A$4:$A$10503)
A10: Sum GWP bound | B10: =SUM('Submissions'!$N$4:$N$10503)
A11: artifact summary.gwp_bound | B11: 71301213
A13: By submission month
A14: Month | B14: Submissions | C14: Bound | D14: GWP bound
A15: 2025-08 | B15: =COUNTIF('Submissions'!$B$4:$B$10503,"2025-08") | C15: =COUNTIFS('Submissions'!$B$4:$B$10503,"2025-08",'Submissions'!$D$4:$D$10503,"Bound") | D15: =SUMIFS('Submissions'!$N$4:$N$10503,'Submissions'!$B$4:$B$10503,"2025-08")
A16: 2025-09 | B16: =COUNTIF('Submissions'!$B$4:$B$10503,"2025-09") | C16: =COUNTIFS('Submissions'!$B$4:$B$10503,"2025-09",'Submissions'!$D$4:$D$10503,"Bound") | D16: =SUMIFS('Submissions'!$N$4:$N$10503,'Submissions'!$B$4:$B$10503,"2025-09")
A17: 2025-10 | B17: =COUNTIF('Submissions'!$B$4:$B$10503,"2025-10") | C17: =COUNTIFS('Submissions'!$B$4:$B$10503,"2025-10",'Submissions'!$D$4:$D$10503,"Bound") | D17: =SUMIFS('Submissions'!$N$4:$N$10503,'Submissions'!$B$4:$B$10503,"2025-10")
A18: 2025-11 | B18: =COUNTIF('Submissions'!$B$4:$B$10503,"2025-11") | C18: =COUNTIFS('Submissions'!$B$4:$B$10503,"2025-11",'Submissions'!$D$4:$D$10503,"Bound") | D18: =SUMIFS('Submissions'!$N$4:$N$10503,'Submissions'!$B$4:$B$10503,"2025-11")
A19: 2025-12 | B19: =COUNTIF('Submissions'!$B$4:$B$10503,"2025-12") | C19: =COUNTIFS('Submissions'!$B$4:$B$10503,"2025-12",'Submissions'!$D$4:$D$10503,"Bound") | D19: =SUMIFS('Submissions'!$N$4:$N$10503,'Submissions'!$B$4:$B$10503,"2025-12")
A20: 2026-01 | B20: =COUNTIF('Submissions'!$B$4:$B$10503,"2026-01") | C20: =COUNTIFS('Submissions'!$B$4:$B$10503,"2026-01",'Submissions'!$D$4:$D$10503,"Bound") | D20: =SUMIFS('Submissions'!$N$4:$N$10503,'Submissions'!$B$4:$B$10503,"2026-01")
A21: 2026-02 | B21: =COUNTIF('Submissions'!$B$4:$B$10503,"2026-02") | C21: =COUNTIFS('Submissions'!$B$4:$B$10503,"2026-02",'Submissions'!$D$4:$D$10503,"Bound") | D21: =SUMIFS('Submissions'!$N$4:$N$10503,'Submissions'!$B$4:$B$10503,"2026-02")
A22: 2026-03 | B22: =COUNTIF('Submissions'!$B$4:$B$10503,"2026-03") | C22: =COUNTIFS('Submissions'!$B$4:$B$10503,"2026-03",'Submissions'!$D$4:$D$10503,"Bound") | D22: =SUMIFS('Submissions'!$N$4:$N$10503,'Submissions'!$B$4:$B$10503,"2026-03")
A23: 2026-04 | B23: =COUNTIF('Submissions'!$B$4:$B$10503,"2026-04") | C23: =COUNTIFS('Submissions'!$B$4:$B$10503,"2026-04",'Submissions'!$D$4:$D$10503,"Bound") | D23: =SUMIFS('Submissions'!$N$4:$N$10503,'Submissions'!$B$4:$B$10503,"2026-04")
A24: 2026-05 | B24: =COUNTIF('Submissions'!$B$4:$B$10503,"2026-05") | C24: =COUNTIFS('Submissions'!$B$4:$B$10503,"2026-05",'Submissions'!$D$4:$D$10503,"Bound") | D24: =SUMIFS('Submissions'!$N$4:$N$10503,'Submissions'!$B$4:$B$10503,"2026-05")
A25: 2026-06 | B25: =COUNTIF('Submissions'!$B$4:$B$10503,"2026-06") | C25: =COUNTIFS('Submissions'!$B$4:$B$10503,"2026-06",'Submissions'!$D$4:$D$10503,"Bound") | D25: =SUMIFS('Submissions'!$N$4:$N$10503,'Submissions'!$B$4:$B$10503,"2026-06")
A26: 2026-07 | B26: =COUNTIF('Submissions'!$B$4:$B$10503,"2026-07") | C26: =COUNTIFS('Submissions'!$B$4:$B$10503,"2026-07",'Submissions'!$D$4:$D$10503,"Bound") | D26: =SUMIFS('Submissions'!$N$4:$N$10503,'Submissions'!$B$4:$B$10503,"2026-07")
A27: Total | B27: =SUM(B15:B26) | C27: =SUM(C15:C26) | D27: =SUM(D15:D26)
